Antecedent,Consequent,Support,Confidence,Lift
"FamilySupport=yes, G2Level=Low",Result=Fail,0.2,0.8586956521739131,2.6091137123745822
"G1Level=Low, Result=Fail",G2Level=Low,0.25316455696202533,0.9615384615384616,2.601422550052687
G2Level=Low,"G1Level=Low, Result=Fail",0.25316455696202533,0.684931506849315,2.601422550052687
"FamilySize=GT3, Result=Fail",G2Level=Low,0.23291139240506328,0.9583333333333334,2.5927511415525113
"Result=Fail, SchoolSupport=no",G2Level=Low,0.2582278481012658,0.9532710280373832,2.57905517859429
G2Level=Low,"Result=Fail, SchoolSupport=no",0.2582278481012658,0.6986301369863013,2.57905517859429
Result=Fail,"G1Level=Low, G2Level=Low",0.25316455696202533,0.7692307692307694,2.574967405475881
"G1Level=Low, G2Level=Low",Result=Fail,0.25316455696202533,0.8474576271186441,2.5749674054758804
"G2Level=Low, SchoolSupport=no",Result=Fail,0.2582278481012658,0.8429752066115701,2.561347743165925
Result=Fail,"G2Level=Low, SchoolSupport=no",0.2582278481012658,0.7846153846153846,2.561347743165925
"G2Level=Low, Internet=yes",Result=Fail,0.2430379746835443,0.8421052631578948,2.5587044534412957
Result=Fail,"G2Level=Low, Internet=yes",0.2430379746835443,0.7384615384615385,2.5587044534412957
Result=Fail,"Address=U, G2Level=Low",0.22531645569620254,0.6846153846153847,2.551161103047896
"Address=U, G2Level=Low",Result=Fail,0.22531645569620254,0.839622641509434,2.5511611030478956
"FamilySize=GT3, G2Level=Low",Result=Fail,0.23291139240506328,0.8363636363636364,2.5412587412587415
Result=Fail,"FamilySize=GT3, G2Level=Low",0.23291139240506328,0.7076923076923077,2.5412587412587415
Result=Fail,G2Level=Low,0.30886075949367087,0.9384615384615385,2.5389884088514223
G2Level=Low,Result=Fail,0.30886075949367087,0.8356164383561643,2.5389884088514223
"Result=Fail, Romantic=no",G2Level=Low,0.1848101265822785,0.935897435897436,2.5320512820512824
Result=Fail,"G2Level=Low, School=GP",0.26582278481012656,0.8076923076923077,2.5320512820512824
"G2Level=Low, School=GP",Result=Fail,0.26582278481012656,0.8333333333333333,2.532051282051282
"HigherEducation=yes, Result=Fail",G2Level=Low,0.2759493670886076,0.9316239316239316,2.5204894040510477
G2Level=Low,"HigherEducation=yes, Result=Fail",0.2759493670886076,0.7465753424657534,2.5204894040510477
"FamilySupport=yes, Result=Fail",G2Level=Low,0.2,0.9294117647058824,2.5145044319097503
"Result=Fail, School=GP",G2Level=Low,0.26582278481012656,0.9292035398230086,2.5139410837677287
G2Level=Low,"Result=Fail, School=GP",0.26582278481012656,0.7191780821917807,2.5139410837677287
Result=Fail,"G2Level=Low, HigherEducation=yes",0.2759493670886076,0.8384615384615386,2.5090326340326343
"G2Level=Low, HigherEducation=yes",Result=Fail,0.2759493670886076,0.8257575757575758,2.5090326340326343
"Failures=0, Result=Fail",G2Level=Low,0.18227848101265823,0.9230769230769231,2.4973656480505797
"Internet=yes, Result=Fail",G2Level=Low,0.2430379746835443,0.923076923076923,2.4973656480505793
G2Level=Low,"Internet=yes, Result=Fail",0.2430379746835443,0.6575342465753424,2.4973656480505793
"Address=U, Result=Fail",G2Level=Low,0.22531645569620254,0.9175257731958762,2.482347126112131
"G2Level=Low, Romantic=no",Result=Fail,0.1848101265822785,0.8021978021978022,2.437447168216399
"Failures=0, G2Level=Low",Result=Fail,0.18227848101265823,0.7912087912087912,2.404057480980558
"G2Level=Low, Romantic=no",G1Level=Low,0.1949367088607595,0.8461538461538461,2.3537378114842906
"G1Level=Low, SchoolSupport=no",G2Level=Low,0.25063291139240507,0.868421052631579,2.349495313626532
G2Level=Low,"G1Level=Low, SchoolSupport=no",0.25063291139240507,0.6780821917808219,2.349495313626532
"G1Level=Low, SchoolSupport=no",Result=Fail,0.22025316455696203,0.7631578947368421,2.3188259109311744
Result=Fail,"G1Level=Low, SchoolSupport=no",0.22025316455696203,0.6692307692307693,2.3188259109311744
"G2Level=Low, Internet=yes",G1Level=Low,0.2379746835443038,0.8245614035087719,2.293674326661725
G1Level=Low,"G2Level=Low, Internet=yes",0.2379746835443038,0.6619718309859155,2.293674326661725
"Address=U, G2Level=Low",G1Level=Low,0.22025316455696203,0.8207547169811321,2.2830853042785013
"G2Level=Low, Result=Fail",G1Level=Low,0.25316455696202533,0.8196721311475411,2.2800738859385827
G1Level=Low,"G2Level=Low, Result=Fail",0.25316455696202533,0.7042253521126761,2.2800738859385827
"G2Level=Low, SchoolSupport=no",G1Level=Low,0.25063291139240507,0.8181818181818181,2.275928297055058
G1Level=Low,"G2Level=Low, SchoolSupport=no",0.25063291139240507,0.6971830985915494,2.275928297055058
"Internet=yes, Result=Fail",G1Level=Low,0.21518987341772153,0.8173076923076923,2.2734967497291443
"FamilySupport=yes, G2Level=Low",G1Level=Low,0.189873417721519,0.8152173913043479,2.2676821800367426
"G1Level=Low, Internet=yes",Result=Fail,0.21518987341772153,0.7456140350877194,2.2655195681511477
Result=Fail,"G1Level=Low, Internet=yes",0.21518987341772153,0.653846153846154,2.2655195681511477
"Address=U, Result=Fail",G1Level=Low,0.2,0.8144329896907216,2.2655002178016552
"Address=U, G1Level=Low",Result=Fail,0.2,0.7452830188679246,2.2645137880986943
"FamilySize=GT3, G1Level=Low",G2Level=Low,0.22025316455696203,0.8365384615384616,2.263237618545838
"Result=Fail, SchoolSupport=no",G1Level=Low,0.22025316455696203,0.8130841121495327,2.2617480584441227
G1Level=Low,G2Level=Low,0.29873417721518986,0.8309859154929577,2.248215319313139
G2Level=Low,G1Level=Low,0.29873417721518986,0.8082191780821917,2.248215319313139
"G1Level=Low, Internet=yes",G2Level=Low,0.2379746835443038,0.8245614035087719,2.2308339341504446
"G2Level=Low, School=GP",G1Level=Low,0.25569620253164554,0.8015873015873015,2.229767493852001
G1Level=Low,"G2Level=Low, School=GP",0.25569620253164554,0.7112676056338028,2.229767493852001
Result=Fail,G1Level=Low,0.26329113924050634,0.8000000000000002,2.225352112676057
G1Level=Low,Result=Fail,0.26329113924050634,0.7323943661971832,2.225352112676057
"Address=U, G1Level=Low",G2Level=Low,0.22025316455696203,0.8207547169811321,2.2205350219695013
"FamilySize=GT3, G1Level=Low",Result=Fail,0.19240506329113924,0.7307692307692307,2.220414201183432
"G2Level=Low, HigherEducation=yes",G1Level=Low,0.26582278481012656,0.7954545454545454,2.212708066581306
G1Level=Low,"G2Level=Low, HigherEducation=yes",0.26582278481012656,0.7394366197183099,2.212708066581306
"FamilySize=GT3, Result=Fail",G1Level=Low,0.19240506329113924,0.7916666666666667,2.202171361502348
"G1Level=Low, HigherEducation=yes",G2Level=Low,0.26582278481012656,0.8139534883720929,2.2021344377190184
G2Level=Low,"G1Level=Low, HigherEducation=yes",0.26582278481012656,0.7191780821917807,2.2021344377190184
"FamilySize=GT3, G2Level=Low",G1Level=Low,0.22025316455696203,0.790909090909091,2.2000640204865562
"Result=Fail, School=GP",G1Level=Low,0.22531645569620254,0.7876106194690266,2.19088869500187
"HigherEducation=yes, Result=Fail",G1Level=Low,0.23291139240506328,0.7863247863247862,2.1873119056217645
"G1Level=Low, School=GP",G2Level=Low,0.25569620253164554,0.8079999999999998,2.1860273972602733
G2Level=Low,"G1Level=Low, School=GP",0.25569620253164554,0.6917808219178081,2.1860273972602733
"FamilySupport=yes, G1Level=Low",G2Level=Low,0.189873417721519,0.8064516129032259,2.1818382677861248
"G1Level=Low, HigherEducation=yes",Result=Fail,0.23291139240506328,0.7131782945736433,2.166964818127609
Result=Fail,"G1Level=Low, HigherEducation=yes",0.23291139240506328,0.7076923076923077,2.166964818127609
"G1Level=Low, School=GP",Result=Fail,0.22531645569620254,0.712,2.1633846153846155
Result=Fail,"G1Level=Low, School=GP",0.22531645569620254,0.6846153846153847,2.1633846153846155
"G1Level=Low, Romantic=no",G2Level=Low,0.1949367088607595,0.7938144329896908,2.147648637198136
"G1Level=Medium, Result=Pass",G2Level=Medium,0.35443037974683544,0.8641975308641975,1.8755935422602088
G2Level=Medium,"G1Level=Medium, Result=Pass",0.35443037974683544,0.7692307692307692,1.8755935422602086
"Activities=no, G2Level=Medium",G1Level=Medium,0.189873417721519,0.8620689655172414,1.8112619222303743
"Activities=no, G1Level=Medium",G2Level=Medium,0.189873417721519,0.797872340425532,1.7316460135609073
"G1Level=Medium, Romantic=no",G2Level=Medium,0.2379746835443038,0.7966101694915254,1.7289066865338052
"G2Level=Medium, SchoolSupport=no",G1Level=Medium,0.3265822784810127,0.8164556962025317,1.7154255319148937
G1Level=Medium,"G2Level=Medium, SchoolSupport=no",0.3265822784810127,0.6861702127659575,1.7154255319148937
"G1Level=Medium, StudyTime=2-5 hrs",G2Level=Medium,0.18227848101265823,0.782608695652174,1.698518872431916
"G2Level=Medium, Result=Pass",G1Level=Medium,0.35443037974683544,0.8045977011494253,1.690511127415016
G1Level=Medium,"G2Level=Medium, Result=Pass",0.35443037974683544,0.7446808510638299,1.690511127415016
"G1Level=Medium, Internet=yes",G2Level=Medium,0.31139240506329113,0.7784810126582278,1.6895604395604393
G2Level=Medium,"G1Level=Medium, Internet=yes",0.31139240506329113,0.6758241758241758,1.6895604395604393
"G1Level=Medium, SchoolSupport=no",G2Level=Medium,0.3265822784810127,0.7771084337349398,1.6865814907983583
G2Level=Medium,"G1Level=Medium, SchoolSupport=no",0.3265822784810127,0.7087912087912088,1.6865814907983583
G1Level=Medium,"Failures=0, G2Level=Medium",0.3139240506329114,0.6595744680851064,1.6808510638297876
"Failures=0, G2Level=Medium",G1Level=Medium,0.3139240506329114,0.8,1.6808510638297873
"G2Level=Medium, Internet=yes",G1Level=Medium,0.31139240506329113,0.7987012987012987,1.6781224095053882
G1Level=Medium,"G2Level=Medium, Internet=yes",0.31139240506329113,0.6542553191489362,1.6781224095053882
"Address=U, G1Level=Medium",G2Level=Medium,0.28860759493670884,0.7702702702702703,1.6717404217404217
"Address=U, G2Level=Medium",G1Level=Medium,0.28860759493670884,0.7916666666666666,1.6633421985815602
G2Level=Medium,G1Level=Medium,0.36455696202531646,0.7912087912087912,1.6623801730184709
"G2Level=Medium, StudyTime=2-5 hrs",G1Level=Medium,0.18227848101265823,0.7912087912087912,1.6623801730184709
G1Level=Medium,G2Level=Medium,0.36455696202531646,0.7659574468085106,1.6623801730184709
"FamilySupport=yes, G1Level=Medium",G2Level=Medium,0.22025316455696203,0.7631578947368421,1.6563042220936959
G2Level=Medium,"G1Level=Medium, HigherEducation=yes",0.3493670886075949,0.7582417582417582,1.6547264889806326
"G1Level=Medium, HigherEducation=yes",G2Level=Medium,0.3493670886075949,0.7624309392265193,1.6547264889806323
"G2Level=Medium, HigherEducation=yes",G1Level=Medium,0.3493670886075949,0.7840909090909091,1.6474250483558994
G1Level=Medium,"G2Level=Medium, HigherEducation=yes",0.3493670886075949,0.7340425531914894,1.6474250483558994
"G1Level=Medium, School=GP",G2Level=Medium,0.31645569620253167,0.7575757575757576,1.644189144189144
G2Level=Medium,"G1Level=Medium, School=GP",0.31645569620253167,0.6868131868131868,1.644189144189144
G2Level=Medium,"Failures=0, G1Level=Medium",0.3139240506329114,0.6813186813186813,1.640980970249263
"Failures=0, G1Level=Medium",G2Level=Medium,0.3139240506329114,0.7560975609756098,1.6409809702492628
"G1Level=Medium, Sex=F",G2Level=Medium,0.18734177215189873,0.7551020408163266,1.6388203633101592
"G2Level=Medium, Romantic=no",G1Level=Medium,0.2379746835443038,0.7768595041322314,1.6322314049586777
G1Level=Medium,"G2Level=Medium, School=GP",0.31645569620253167,0.6648936170212767,1.631260737412449
"G2Level=Medium, School=GP",G1Level=Medium,0.31645569620253167,0.7763975155279503,1.6312607374124488
"FamilySize=GT3, G2Level=Medium",G1Level=Medium,0.2481012658227848,0.7716535433070866,1.6212933489696766
"G2Level=Medium, Sex=F",G1Level=Medium,0.18734177215189873,0.7708333333333334,1.619570035460993
"FamilySupport=yes, G2Level=Medium",G1Level=Medium,0.22025316455696203,0.7699115044247787,1.6176332140839766
"SchoolSupport=no, StudyTime=<2 hrs",Sex=M,0.18227848101265823,0.7578947368421053,1.6009006473402758
"FamilySize=GT3, G1Level=Medium",G2Level=Medium,0.2481012658227848,0.7368421052631579,1.5991902834008096
StudyTime=<2 hrs,"SchoolSupport=no, Sex=M",0.18227848101265823,0.6857142857142858,1.5747508305647844
StudyTime=<2 hrs,Sex=M,0.19746835443037974,0.7428571428571429,1.5691367456073337
"Result=Pass, Sex=F",G2Level=Medium,0.23037974683544304,0.6842105263157895,1.4849624060150375
"FamilySupport=yes, Result=Pass",G2Level=Medium,0.2708860759493671,0.6815286624203821,1.4791418772310492
"Activities=no, G2Level=Medium",Result=Pass,0.21772151898734177,0.9885057471264367,1.4734330947733678
"AgeGroup=17-18, Result=Pass",G2Level=Medium,0.1949367088607595,0.6754385964912282,1.4659244264507425
"Result=Pass, StudyTime=2-5 hrs",G2Level=Medium,0.21772151898734177,0.671875,1.4581902472527473
"G1Level=Medium, G2Level=Medium",Result=Pass,0.35443037974683544,0.9722222222222222,1.44916142557652
"Activities=no, Result=Pass",G2Level=Medium,0.21772151898734177,0.6666666666666666,1.4468864468864469
"Absences=Medium, Result=Pass",G2Level=Medium,0.18227848101265823,0.6666666666666666,1.4468864468864469
"FamilySize=GT3, G2Level=Medium",Result=Pass,0.31139240506329113,0.9685039370078741,1.4436190759173972
"G2Level=Medium, SchoolSupport=no",Result=Pass,0.38734177215189874,0.9683544303797468,1.4433962264150941
"FamilySize=GT3, Result=Pass",G2Level=Medium,0.31139240506329113,0.6648648648648648,1.442975942975943
G2Level=Medium,"FamilySize=GT3, Result=Pass",0.31139240506329113,0.6758241758241758,1.4429759429759428
"G2Level=Medium, Sex=M",Result=Pass,0.21012658227848102,0.9651162790697675,1.4385695480473892
"Failures=0, G2Level=Medium",Result=Pass,0.37721518987341773,0.9612903225806453,1.4328667072428485
"Absences=Medium, G2Level=Medium",Result=Pass,0.18227848101265823,0.96,1.430943396226415
"G2Level=Medium, Romantic=no",Result=Pass,0.2936708860759494,0.9586776859504131,1.4289723998128798
G2Level=Medium,Result=Pass,0.44050632911392407,0.9560439560439561,1.425046651461746
Result=Pass,G2Level=Medium,0.44050632911392407,0.6566037735849056,1.4250466514617457
"AgeGroup=<=16, G2Level=Medium",Result=Pass,0.21518987341772153,0.9550561797752809,1.4235743057027772
"G2Level=Medium, HigherEducation=yes",Result=Pass,0.4253164556962025,0.9545454545454546,1.4228130360205833
"AgeGroup=17-18, G2Level=Medium",Result=Pass,0.1949367088607595,0.9506172839506173,1.416957838341486
"G2Level=Medium, School=GP",Result=Pass,0.38734177215189874,0.9503105590062112,1.4165006445564279
G2Level=Medium,"HigherEducation=yes, Result=Pass",0.4253164556962025,0.923076923076923,1.4132379248658318
"HigherEducation=yes, Result=Pass",G2Level=Medium,0.4253164556962025,0.6511627906976744,1.4132379248658316
"G2Level=Medium, Internet=yes",Result=Pass,0.369620253164557,0.948051948051948,1.413134035775545
"Absences=Low, G2Level=Medium",Result=Pass,0.1848101265822785,0.948051948051948,1.413134035775545
"G2Level=Medium, Sex=F",Result=Pass,0.23037974683544304,0.9479166666666667,1.412932389937107
"FamilySupport=yes, G2Level=Medium",Result=Pass,0.2708860759493671,0.9469026548672566,1.4114209383870426
"G2Level=Medium, StudyTime=2-5 hrs",Result=Pass,0.21772151898734177,0.945054945054945,1.4086668048932198
G2Level=Medium,"Internet=yes, Result=Pass",0.369620253164557,0.8021978021978022,1.4083028083028082
"Address=U, G2Level=Medium",Result=Pass,0.34430379746835443,0.9444444444444444,1.4077568134171907
G2Level=Medium,"Result=Pass, School=GP",0.38734177215189874,0.8406593406593407,1.4070357608493202
G2Level=Medium,"Address=U, Result=Pass",0.34430379746835443,0.7472527472527473,1.4055468341182629
G2Level=Medium,"Result=Pass, SchoolSupport=no",0.38734177215189874,0.8406593406593407,1.4010989010989012
G2Level=Medium,"Failures=0, Result=Pass",0.37721518987341773,0.8186813186813187,1.381962055038978
"Activities=yes, G2Level=Medium",Result=Pass,0.22278481012658227,0.9263157894736842,1.3807348560079444
"Activities=no, Result=Pass",G1Level=Medium,0.21265822784810126,0.6511627906976744,1.3681345868381989
"G1Level=Medium, Sex=M",Result=Pass,0.20506329113924052,0.9,1.3415094339622642
"AgeGroup=<=16, G1Level=Medium",Result=Pass,0.20506329113924052,0.9,1.3415094339622642
"Activities=no, G1Level=Medium",Result=Pass,0.21265822784810126,0.8936170212765957,1.3319951826575671
"G1Level=Medium, Romantic=no",Result=Pass,0.26329113924050634,0.8813559322033899,1.3137192196993925
"G1Level=Medium, Internet=yes",Result=Pass,0.3518987341772152,0.8797468354430379,1.311320754716981
"G1Level=Medium, SchoolSupport=no",Result=Pass,0.369620253164557,0.8795180722891567,1.3109797681291202
"Address=U, G1Level=Medium",Result=Pass,0.3291139240506329,0.8783783783783783,1.3092809790922997
G1Level=Medium,"Address=U, Result=Pass",0.3291139240506329,0.6914893617021276,1.300658561296859
"Failures=0, G1Level=Medium",Result=Pass,0.3620253164556962,0.8719512195121951,1.2997008743672342
G1Level=Medium,"Internet=yes, Result=Pass",0.3518987341772152,0.7393617021276596,1.2979905437352246
G1Level=Medium,"Result=Pass, SchoolSupport=no",0.369620253164557,0.7765957446808511,1.294326241134752
"G1Level=Medium, HigherEducation=yes",Result=Pass,0.3949367088607595,0.861878453038674,1.2846867507557593
G1Level=Medium,Result=Pass,0.41012658227848103,0.8617021276595745,1.2844239261340828
G1Level=Medium,"Failures=0, Result=Pass",0.3620253164556962,0.7606382978723404,1.2839834515366428
AgeGroup=<=16,"Address=U, Romantic=no",0.31139240506329113,0.6612903225806451,1.280439595192916
"Activities=no, FamilySupport=yes",Sex=F,0.20253164556962025,0.6722689075630253,1.2766645119586297
"G1Level=Medium, School=GP",Result=Pass,0.3569620253164557,0.8545454545454546,1.2737564322469983
G1Level=Medium,"HigherEducation=yes, Result=Pass",0.3949367088607595,0.8297872340425532,1.2704106877783274
"FamilySupport=yes, G1Level=Medium",Result=Pass,0.24556962025316456,0.8508771929824562,1.268288646143661
"FamilySize=GT3, G1Level=Medium",Result=Pass,0.28607594936708863,0.849624060150376,1.2664207689033906
"G1Level=Medium, StudyTime=2-5 hrs",Result=Pass,0.19746835443037974,0.8478260869565217,1.263740771123872
"Absences=Low, G1Level=Medium",Result=Pass,0.18227848101265823,0.8470588235294118,1.262597114317425
G1Level=Medium,"Result=Pass, School=GP",0.3569620253164557,0.7500000000000001,1.2552966101694918
AgeGroup=<=16,"Romantic=no, School=GP",0.3518987341772152,0.7473118279569892,1.2507973391652998
AgeGroup=<=16,"Result=Pass, School=GP",0.3493670886075949,0.7419354838709676,1.2417987971569162
"Activities=yes, G1Level=Medium",Result=Pass,0.19746835443037974,0.8297872340425532,1.2368526696105981
"AgeGroup=17-18, G1Level=Medium",Result=Pass,0.1848101265822785,0.8295454545454546,1.2364922813036021
AgeGroup=<=16,"Address=U, Result=Pass",0.30886075949367087,0.6559139784946236,1.2337429595494112
"G1Level=Medium, Sex=F",Result=Pass,0.20506329113924052,0.826530612244898,1.231998459761263
"Failures=0, Sex=M",Result=Pass,0.29873417721518986,0.8194444444444444,1.2214360587002095
"AgeGroup=<=16, Sex=M",Result=Pass,0.1949367088607595,0.8191489361702129,1.2209955841027702
AgeGroup=<=16,"Failures=0, Romantic=no",0.31139240506329113,0.6612903225806451,1.2093040621266427
StudyTime=<2 hrs,"Romantic=no, SchoolSupport=no",0.18227848101265823,0.6857142857142858,1.209183673469388
"Absences=Low, G1Level=Medium",Failures=0,0.20506329113924052,0.9529411764705883,1.2064479638009051
AgeGroup=<=16,"Failures=0, School=GP",0.40253164556962023,0.8548387096774193,1.2059331797235022
"HigherEducation=yes, StudyTime=<2 hrs",Romantic=no,0.18734177215189873,0.7956989247311828,1.1950611226951224
"Absences=Low, Result=Pass",Failures=0,0.28860759493670884,0.9421487603305784,1.1927844882390335
"Failures=0, FamilySupport=no",Result=Pass,0.23291139240506328,0.7999999999999999,1.1924528301886792
AgeGroup=<=16,"Address=U, School=GP",0.4050632911392405,0.8602150537634409,1.1880592525753817
"AgeGroup=17-18, G2Level=Medium",Failures=0,0.19240506329113924,0.9382716049382716,1.1878759100981322
AgeGroup=<=16,"Address=U, Failures=0",0.3518987341772152,0.7473118279569892,1.1854946668394006
"AgeGroup=<=16, SchoolSupport=no",Result=Pass,0.2911392405063291,0.793103448275862,1.1821730644111905
"AgeGroup=17-18, Result=Pass",Failures=0,0.2683544303797468,0.9298245614035088,1.1771817363922628
AgeGroup=<=16,"FamilySupport=yes, School=GP",0.3139240506329114,0.6666666666666666,1.175595238095238
"Activities=no, AgeGroup=<=16",Address=U,0.18734177215189873,0.9135802469135802,1.175453412152652
"AgeGroup=<=16, StudyTime=2-5 hrs",Address=U,0.21265822784810126,0.9130434782608696,1.1747627814757118
"AgeGroup=<=16, Failures=0",Result=Pass,0.31645569620253167,0.7861635220125787,1.1718286460187493
"AgeGroup=<=16, G2Level=Medium",Address=U,0.20506329113924052,0.9101123595505618,1.1709914723859018
AgeGroup=<=16,"HigherEducation=yes, School=GP",0.46329113924050636,0.9838709677419355,1.1705693742712786
"School=GP, Sex=F",FamilySupport=yes,0.33164556962025316,0.715846994535519,1.168427945626157
"Activities=no, Sex=F",FamilySupport=yes,0.20253164556962025,0.7142857142857142,1.1658795749704838
"AgeGroup=17-18, G1Level=Medium",Failures=0,0.20506329113924052,0.9204545454545455,1.165319055944056
"Romantic=no, Sex=F",FamilySupport=yes,0.23291139240506328,0.7131782945736433,1.1640720097379715
"Activities=yes, AgeGroup=<=16",Result=Pass,0.20759493670886076,0.7809523809523811,1.164061096136568
"Absences=Medium, Failures=0",Result=Pass,0.2430379746835443,0.7804878048780488,1.1633686148182236
"AgeGroup=<=16, Failures=0",Romantic=no,0.31139240506329113,0.7735849056603774,1.161848052227563
Result=Pass,"Failures=0, SchoolSupport=no",0.5367088607594936,0.7999999999999999,1.1617647058823528
"Failures=0, SchoolSupport=no",Result=Pass,0.5367088607594936,0.7794117647058824,1.1617647058823528
"FamilySize=GT3, Sex=F",FamilySupport=yes,0.2810126582278481,0.7115384615384616,1.161395422759059
Sex=M,"Romantic=no, SchoolSupport=no",0.31139240506329113,0.6577540106951871,1.1598787242169595
"Absences=Low, FamilySupport=yes",FamilySize=GT3,0.23544303797468355,0.8230088495575221,1.1568985607659117
"FamilySupport=yes, G1Level=Medium",Failures=0,0.26329113924050634,0.912280701754386,1.1549707602339183
"Address=U, AgeGroup=<=16",Romantic=no,0.31139240506329113,0.76875,1.1545865019011408
AgeGroup=<=16,"FamilySize=GT3, School=GP",0.3468354430379747,0.7365591397849462,1.1545272230756103
"AgeGroup=<=16, Result=Pass",Romantic=no,0.2683544303797468,0.7681159420289855,1.153634209511214
"Failures=0, Romantic=no",Result=Pass,0.42278481012658226,0.773148148148148,1.1524283717679942
AgeGroup=<=16,"Internet=yes, School=GP",0.40759493670886077,0.8655913978494624,1.151207414648275
"AgeGroup=<=16, Sex=M",Romantic=no,0.18227848101265823,0.7659574468085106,1.1503923630774209
"G1Level=Low, School=GP",FamilySupport=yes,0.22278481012658227,0.704,1.149090909090909
"AgeGroup=<=16, Result=Pass",Failures=0,0.31645569620253167,0.9057971014492755,1.1467623560014866
"Failures=0, Sex=F",FamilySupport=yes,0.29873417721518986,0.7023809523809523,1.1464482487209757
"Internet=yes, Result=Fail",FamilySupport=yes,0.1848101265822785,0.701923076923077,1.145700890019072
"FamilySize=GT3, G1Level=Low",FamilySupport=yes,0.1848101265822785,0.701923076923077,1.145700890019072
AgeGroup=<=16,"HigherEducation=yes, Romantic=no",0.3468354430379747,0.7365591397849462,1.145436457539582
"FamilySupport=yes, Result=Pass",Failures=0,0.3594936708860759,0.9044585987261146,1.1450677772333822
"AgeGroup=<=16, SchoolSupport=no",Address=U,0.3265822784810127,0.8896551724137931,1.144670335841851
"AgeGroup=<=16, FamilySize=GT3",FamilySupport=yes,0.2430379746835443,0.7007299270072992,1.1437533932557156
"Result=Pass, Romantic=no",Failures=0,0.42278481012658226,0.9027027027027027,1.142844767844768
AgeGroup=<=16,"Internet=yes, Result=Pass",0.30632911392405066,0.6505376344086021,1.1420549581839903
"Result=Fail, School=GP",FamilySupport=yes,0.2,0.6991150442477876,1.1411175309003143
"Absences=Medium, Activities=yes",Failures=0,0.1848101265822785,0.9012345679012346,1.1409860715416271
"Absences=Medium, Romantic=no",Result=Pass,0.19746835443037974,0.7647058823529412,1.13984461709212
"AgeGroup=<=16, Romantic=no",Address=U,0.31139240506329113,0.8848920863309353,1.1385419351814965
"SchoolSupport=no, StudyTime=<2 hrs",Romantic=no,0.18227848101265823,0.7578947368421053,1.1382829697818693
AgeGroup=<=16,"Address=U, HigherEducation=yes",0.39746835443037976,0.8440860215053764,1.1379316672171458
"AgeGroup=<=16, Result=Pass",Address=U,0.30886075949367087,0.8840579710144928,1.1374687249209272
"AgeGroup=<=16, Romantic=no",Result=Pass,0.2683544303797468,0.762589928057554,1.1366906474820144
"Internet=yes, Result=Pass",Failures=0,0.5113924050632911,0.8977777777777777,1.1366096866096864
"Address=U, AgeGroup=<=16",Result=Pass,0.30886075949367087,0.7625,1.1365566037735848
Result=Pass,"Failures=0, Internet=yes",0.5113924050632911,0.7622641509433962,1.136205055179779
"Failures=0, Internet=yes",Result=Pass,0.5113924050632911,0.7622641509433962,1.136205055179779
"Absences=Medium, School=GP",Result=Pass,0.2430379746835443,0.761904761904762,1.1356693620844565
"Absences=Medium, SchoolSupport=no",Result=Pass,0.2430379746835443,0.761904761904762,1.1356693620844565
AgeGroup=<=16,"Failures=0, Result=Pass",0.31645569620253167,0.6720430107526882,1.1344315779799652
"Address=U, Result=Pass",Failures=0,0.4759493670886076,0.8952380952380953,1.1333943833943834
"Internet=yes, Sex=F",FamilySupport=yes,0.29873417721518986,0.6941176470588235,1.132960622265435
"Activities=no, Failures=0",Result=Pass,0.28860759493670884,0.7599999999999999,1.1328301886792451
"Absences=Low, Failures=0",Result=Pass,0.28860759493670884,0.7599999999999999,1.1328301886792451
Failures=0,"Result=Pass, SchoolSupport=no",0.5367088607594936,0.6794871794871795,1.1324786324786327
"Result=Pass, SchoolSupport=no",Failures=0,0.5367088607594936,0.8945147679324894,1.1324786324786325
"Absences=Medium, FamilySize=GT3",Result=Pass,0.2,0.7596153846153846,1.1322568940493467
AgeGroup=<=16,School=GP,0.4708860759493671,1.0,1.1318051575931232
"AgeGroup=<=16, HigherEducation=yes",School=GP,0.46329113924050636,1.0,1.1318051575931232
"AgeGroup=<=16, Internet=yes",School=GP,0.40759493670886077,1.0,1.1318051575931232
"Address=U, AgeGroup=<=16",School=GP,0.4050632911392405,1.0,1.1318051575931232
"AgeGroup=<=16, Failures=0",School=GP,0.40253164556962023,1.0,1.1318051575931232
"AgeGroup=<=16, SchoolSupport=no",School=GP,0.3670886075949367,1.0,1.1318051575931232
"AgeGroup=<=16, Romantic=no",School=GP,0.3518987341772152,1.0,1.1318051575931232
"AgeGroup=<=16, Result=Pass",School=GP,0.3493670886075949,1.0,1.1318051575931232
"AgeGroup=<=16, FamilySize=GT3",School=GP,0.3468354430379747,1.0,1.1318051575931232
"AgeGroup=<=16, FamilySupport=yes",School=GP,0.3139240506329114,1.0,1.1318051575931232
"Activities=yes, AgeGroup=<=16",School=GP,0.26582278481012656,1.0,1.1318051575931232
"Absences=Low, AgeGroup=<=16",School=GP,0.25316455696202533,1.0,1.1318051575931232
"AgeGroup=<=16, Sex=M",School=GP,0.2379746835443038,1.0,1.1318051575931232
"AgeGroup=<=16, Sex=F",School=GP,0.23291139240506328,1.0,1.1318051575931232
"AgeGroup=<=16, StudyTime=2-5 hrs",School=GP,0.23291139240506328,1.0,1.1318051575931232
"AgeGroup=<=16, G1Level=Medium",School=GP,0.22784810126582278,1.0,1.1318051575931232
"AgeGroup=<=16, G2Level=Medium",School=GP,0.22531645569620254,1.0,1.1318051575931232
"Activities=no, AgeGroup=<=16",School=GP,0.20506329113924052,1.0,1.1318051575931232
"Result=Pass, Sex=M",Failures=0,0.29873417721518986,0.8939393939393939,1.1317501942501942
"HigherEducation=yes, Result=Fail",FamilySupport=yes,0.20506329113924052,0.6923076923076923,1.1300063572790844
StudyTime=<2 hrs,Romantic=no,0.2,0.7523809523809525,1.1300018106101757
"G1Level=Medium, Internet=yes",Failures=0,0.3569620253164557,0.8924050632911392,1.1298076923076923
AgeGroup=17-18,"Failures=0, SchoolSupport=no",0.35443037974683544,0.7777777777777778,1.1294934640522876
"AgeGroup=<=16, G1Level=Medium",Address=U,0.2,0.8777777777777779,1.129388346000724
"FamilySize=GT3, Result=Pass",Failures=0,0.4177215189873418,0.8918918918918919,1.1291580041580043
"HigherEducation=yes, Result=Pass",Failures=0,0.5822784810126582,0.8914728682170542,1.1286275094414628
Failures=0,"HigherEducation=yes, Result=Pass",0.5822784810126582,0.7371794871794872,1.1286275094414628
Sex=F,"FamilySupport=yes, HigherEducation=yes",0.3518987341772152,0.6682692307692307,1.1280613083497697
"Result=Pass, StudyTime=2-5 hrs",Failures=0,0.28860759493670884,0.8906249999999999,1.1275540865384615
"AgeGroup=<=16, Internet=yes",Address=U,0.3569620253164557,0.8757763975155279,1.1268132801909887
"AgeGroup=<=16, FamilySupport=yes",Romantic=no,0.23544303797468355,0.75,1.126425855513308
"Address=U, Failures=0",Result=Pass,0.4759493670886076,0.7550200803212851,1.1254072895355003
Result=Pass,"Address=U, Failures=0",0.4759493670886076,0.7094339622641509,1.1254072895355003
"AgeGroup=<=16, G1Level=Medium",Failures=0,0.20253164556962025,0.888888888888889,1.1253561253561255
"Absences=Medium, Result=Pass",Failures=0,0.2430379746835443,0.8888888888888888,1.1253561253561253
"AgeGroup=<=16, Failures=0",Address=U,0.3518987341772152,0.8742138364779874,1.124802818921189
"Address=U, Sex=F",FamilySupport=yes,0.28607594936708863,0.6890243902439025,1.1246472485386012
"Absences=Low, FamilySize=GT3",FamilySupport=yes,0.23544303797468355,0.6888888888888889,1.1244260789715335
"AgeGroup=<=16, HigherEducation=yes",Romantic=no,0.3468354430379747,0.7486338797814207,1.1243740779987117
Result=Pass,"Failures=0, HigherEducation=yes",0.5822784810126582,0.8679245283018867,1.1240334055057222
"Failures=0, HigherEducation=yes",Result=Pass,0.5822784810126582,0.7540983606557377,1.1240334055057222
"FamilySize=GT3, G1Level=Medium",Failures=0,0.29873417721518986,0.8872180451127819,1.1232407942934257
AgeGroup=<=16,Romantic=no,0.3518987341772152,0.7473118279569892,1.1223884868555543
"AgeGroup=<=16, School=GP",Romantic=no,0.3518987341772152,0.7473118279569892,1.1223884868555543
"Address=U, FamilySupport=no",Result=Pass,0.22278481012658227,0.752136752136752,1.1211094984679888
"Absences=Medium, Internet=yes",Result=Pass,0.23037974683544304,0.7520661157024793,1.121004210198035
"AgeGroup=<=16, FamilySize=GT3",Result=Pass,0.2607594936708861,0.7518248175182481,1.120644539319653
"Address=U, G1Level=Medium",Failures=0,0.33164556962025316,0.8851351351351351,1.1206037768537769
"FamilySupport=yes, G2Level=Medium",Failures=0,0.25316455696202533,0.8849557522123893,1.1203766734740186
"AgeGroup=<=16, Romantic=no",Failures=0,0.31139240506329113,0.8848920863309353,1.1202960708356393
"AgeGroup=<=16, Internet=yes",Result=Pass,0.30632911392405066,0.751552795031056,1.1202390718387438
G1Level=Medium,"Failures=0, SchoolSupport=no",0.3670886075949367,0.7712765957446809,1.120052409261577
"AgeGroup=17-18, G2Level=Medium",SchoolSupport=no,0.2,0.9753086419753086,1.1199038185472294
"G2Level=Medium, Romantic=no",Failures=0,0.2708860759493671,0.884297520661157,1.1195433354524262
AgeGroup=<=16,"HigherEducation=yes, Result=Pass",0.34430379746835443,0.7311827956989247,1.1194465282987414
"Absences=Low, AgeGroup=<=16",Address=U,0.22025316455696203,0.87,1.1193811074918567
"Activities=yes, AgeGroup=<=16",FamilySupport=yes,0.18227848101265823,0.6857142857142858,1.1192443919716648
"AgeGroup=<=16, Sex=F",Address=U,0.20253164556962025,0.8695652173913043,1.118821696643535
"Activities=no, Result=Pass",Failures=0,0.28860759493670884,0.883720930232558,1.1188133571854502
"AgeGroup=17-18, FamilySupport=no",SchoolSupport=no,0.18734177215189873,0.9736842105263158,1.1180385556915546
Result=Pass,Failures=0,0.5924050632911393,0.8830188679245283,1.1179245283018868
Failures=0,Result=Pass,0.5924050632911393,0.7500000000000001,1.1179245283018868
G1Level=Medium,"Failures=0, Internet=yes",0.3569620253164557,0.7500000000000001,1.1179245283018868
"AgeGroup=<=16, Sex=M",Failures=0,0.21012658227848102,0.8829787234042554,1.1178737043098748
"Activities=yes, G1Level=Medium",Failures=0,0.21012658227848102,0.8829787234042554,1.1178737043098748
"Absences=Low, AgeGroup=17-18",SchoolSupport=no,0.1848101265822785,0.9733333333333334,1.1176356589147287
"G1Level=Medium, Result=Pass",Failures=0,0.3620253164556962,0.882716049382716,1.1175411522633745
"Absences=Low, Result=Pass",Romantic=no,0.22784810126582278,0.743801652892562,1.117116550922289
"Activities=yes, Result=Pass",Failures=0,0.3037974683544304,0.8823529411764706,1.117081447963801
"Result=Pass, School=GP",Failures=0,0.5265822784810127,0.8813559322033899,1.1158192090395482
"G1Level=Medium, Romantic=no",Failures=0,0.26329113924050634,0.8813559322033899,1.1158192090395482
Failures=0,"Result=Pass, School=GP",0.5265822784810127,0.6666666666666667,1.1158192090395482
"AgeGroup=17-18, Sex=F",Failures=0,0.22531645569620254,0.8811881188118813,1.1156067529829907
"FamilySupport=yes, G2Level=Low",FamilySize=GT3,0.1848101265822785,0.7934782608695653,1.1153875909020579
Sex=F,FamilySupport=yes,0.3594936708860759,0.6826923076923076,1.114311824539097
"Absences=Low, AgeGroup=<=16",Failures=0,0.22278481012658227,0.8799999999999999,1.114102564102564
"Romantic=no, StudyTime=2-5 hrs",FamilySupport=yes,0.21772151898734177,0.6825396825396826,1.114062704971796
"G2Level=Low, School=GP",FamilySupport=yes,0.21772151898734177,0.6825396825396826,1.114062704971796
AgeGroup=<=16,"Failures=0, Internet=yes",0.3518987341772152,0.7473118279569892,1.113917630350984
"G1Level=Low, HigherEducation=yes",FamilySupport=yes,0.22278481012658227,0.6821705426356589,1.113460183227625
"Address=U, Sex=M",Romantic=no,0.2683544303797468,0.7412587412587412,1.1132973490387938
AgeGroup=<=16,"Address=U, Internet=yes",0.3569620253164557,0.7580645161290323,1.1131430627173522
"Absences=Medium, HigherEducation=yes",Result=Pass,0.2683544303797468,0.7464788732394366,1.1126760563380282
"HigherEducation=yes, Sex=F",FamilySupport=yes,0.3518987341772152,0.6813725490196079,1.1121576729865499
"G1Level=Medium, HigherEducation=yes",Failures=0,0.40253164556962023,0.8784530386740331,1.1121440713982151
Absences=Medium,"HigherEducation=yes, Result=Pass",0.2683544303797468,0.7260273972602739,1.1115535733248378
"G1Level=Medium, Sex=F",Failures=0,0.21772151898734177,0.8775510204081632,1.1110020931449502
"Internet=yes, StudyTime=2-5 hrs",Address=U,0.3518987341772152,0.8633540372670807,1.110830113096081
"FamilySize=LE3, Internet=yes",Address=U,0.20759493670886076,0.8631578947368421,1.1105777472998457
"FamilySupport=no, HigherEducation=yes",Result=Pass,0.26582278481012656,0.7446808510638296,1.1099959855479724
Absences=Medium,"Failures=0, Result=Pass",0.2430379746835443,0.6575342465753424,1.1099402880224796
"AgeGroup=<=16, Failures=0",FamilySupport=yes,0.27341772151898736,0.679245283018868,1.1086854826134416
"Address=U, G1Level=Low",FamilySupport=yes,0.18227848101265823,0.679245283018868,1.1086854826134416
"Address=U, G2Level=Low",FamilySupport=yes,0.18227848101265823,0.679245283018868,1.1086854826134416
"FamilySupport=no, Sex=M",SchoolSupport=no,0.21265822784810126,0.9655172413793103,1.1086607858861266
"AgeGroup=17-18, Result=Pass",SchoolSupport=no,0.27848101265822783,0.9649122807017544,1.10796613627091
"Failures=0, FamilySize=GT3",Result=Pass,0.4177215189873418,0.7432432432432432,1.1078531361550228
"AgeGroup=<=16, HigherEducation=yes",Result=Pass,0.34430379746835443,0.7431693989071038,1.1077430662954943
"FamilySize=GT3, FamilySupport=no",Romantic=no,0.1848101265822785,0.7373737373737375,1.1074624572723433
Result=Pass,"Failures=0, School=GP",0.5265822784810127,0.7849056603773585,1.107277628032345
"Failures=0, School=GP",Result=Pass,0.5265822784810127,0.7428571428571429,1.107277628032345
AgeGroup=<=16,"FamilySupport=yes, HigherEducation=yes",0.30886075949367087,0.6559139784946236,1.1072052201084457
AgeGroup=<=16,Address=U,0.4050632911392405,0.8602150537634409,1.106791355819411
"AgeGroup=<=16, School=GP",Address=U,0.4050632911392405,0.8602150537634409,1.106791355819411
"HigherEducation=yes, Sex=M",Romantic=no,0.3189873417721519,0.7368421052631579,1.1066639983990394
"Activities=no, G2Level=Medium",Failures=0,0.19240506329113924,0.8735632183908045,1.1059534335396404
AgeGroup=<=16,Result=Pass,0.3493670886075949,0.7419354838709676,1.105903834449178
"AgeGroup=<=16, School=GP",Result=Pass,0.3493670886075949,0.7419354838709676,1.105903834449178
"G1Level=Medium, SchoolSupport=no",Failures=0,0.3670886075949367,0.8734939759036144,1.1058657707754094
"AgeGroup=17-18, Romantic=no",SchoolSupport=no,0.26329113924050634,0.962962962962963,1.1057278208441
"FamilySupport=no, Internet=yes",Result=Pass,0.22531645569620254,0.7416666666666667,1.1055031446540882
G1Level=Medium,"Address=U, Failures=0",0.33164556962025316,0.6968085106382979,1.105378962659147
"Failures=0, StudyTime=2-5 hrs",FamilySupport=yes,0.2708860759493671,0.6772151898734177,1.1053719008264462
"Absences=Low, Internet=yes",Address=U,0.3240506329113924,0.8590604026845637,1.1053057298384452
"Absences=Medium, School=GP",Failures=0,0.27848101265822783,0.873015873015873,1.1052604802604802
Sex=M,"Result=Pass, SchoolSupport=no",0.3139240506329114,0.6631016042780749,1.1051693404634582
"G1Level=Medium, School=GP",Failures=0,0.36455696202531646,0.8727272727272727,1.1048951048951048
"Address=U, Sex=M",Result=Pass,0.2683544303797468,0.7412587412587412,1.1048951048951048
"Absences=Medium, Romantic=no",Failures=0,0.22531645569620254,0.8725490196078433,1.1046694318753143
"AgeGroup=17-18, Sex=M",SchoolSupport=no,0.19240506329113924,0.9620253164556961,1.1046511627906976
"Sex=F, StudyTime=2-5 hrs",Address=U,0.24556962025316456,0.8584070796460176,1.1044651350494363
G1Level=Medium,Failures=0,0.4151898734177215,0.8723404255319149,1.104405346426623
"FamilySupport=no, Internet=yes",Address=U,0.2607594936708861,0.8583333333333333,1.104370249728556
"Result=Pass, Sex=F",Failures=0,0.2936708860759494,0.8721804511278195,1.1042028147291305
"Activities=yes, Failures=0",Result=Pass,0.3037974683544304,0.7407407407407407,1.1041229909154437
"Absences=Medium, Address=U",Result=Pass,0.20253164556962025,0.7407407407407407,1.1041229909154437
"School=GP, StudyTime=2-5 hrs",Address=U,0.3822784810126582,0.8579545454545454,1.1038828842167603
"AgeGroup=<=16, HigherEducation=yes",Address=U,0.39746835443037976,0.8579234972677595,1.10384293622399
"Result=Pass, Sex=M",Romantic=no,0.24556962025316456,0.7348484848484849,1.1036697776241502
"FamilySupport=yes, G1Level=Low",FamilySize=GT3,0.1848101265822785,0.7849462365591399,1.1033941759461219
"Absences=Low, AgeGroup=<=16",Result=Pass,0.18734177215189873,0.74,1.1030188679245283
"AgeGroup=<=16, FamilySupport=yes",Failures=0,0.27341772151898736,0.8709677419354839,1.1026674937965262
Absences=Medium,Result=Pass,0.27341772151898736,0.7397260273972602,1.1026104936676142
"Absences=Medium, FamilySupport=yes",Failures=0,0.18734177215189873,0.8705882352941177,1.102187028657617
"AgeGroup=17-18, Internet=yes",SchoolSupport=no,0.3594936708860759,0.9594594594594594,1.1017049025769956
"G2Level=Medium, Internet=yes",Failures=0,0.3392405063291139,0.87012987012987,1.1016067266067264
"FamilySize=LE3, School=GP",Address=U,0.21012658227848102,0.8556701030927836,1.100943617985829
"G1Level=Medium, StudyTime=2-5 hrs",Failures=0,0.20253164556962025,0.8695652173913043,1.100891861761427
"SchoolSupport=no, Sex=F",FamilySupport=yes,0.2936708860759494,0.6744186046511629,1.1008072266000386
"AgeGroup=<=16, Internet=yes",Romantic=no,0.29873417721518986,0.732919254658385,1.1007722646009965
Absences=Medium,"Result=Pass, School=GP",0.2430379746835443,0.6575342465753424,1.1005340143951707
"Internet=yes, School=GP",Address=U,0.6430379746835443,0.8552188552188552,1.1003630221871263
Address=U,"Internet=yes, School=GP",0.6430379746835443,0.8273615635179152,1.1003630221871263
"AgeGroup=<=16, SchoolSupport=no",Failures=0,0.3189873417721519,0.8689655172413793,1.1001326259946949
"Activities=no, AgeGroup=17-18",SchoolSupport=no,0.23037974683544304,0.9578947368421052,1.099908200734394
"Address=U, AgeGroup=<=16",Failures=0,0.3518987341772152,0.86875,1.0998597756410258
"Address=U, Sex=M",Internet=yes,0.33164556962025316,0.916083916083916,1.0998575892192912
"FamilySupport=no, Romantic=no",Result=Pass,0.19240506329113924,0.7378640776699029,1.099835134640044
"AgeGroup=<=16, FamilySize=GT3",Failures=0,0.3012658227848101,0.8686131386861313,1.0996865057084035
"Address=U, G2Level=Medium",Failures=0,0.31645569620253167,0.8680555555555556,1.0989805911680912
"FamilySupport=yes, Sex=F",FamilySize=GT3,0.2810126582278481,0.7816901408450705,1.0988171018996542
"Absences=Medium, Address=U",Romantic=no,0.2,0.7314814814814815,1.0986128714265597
"Activities=no, School=GP",Address=U,0.35443037974683544,0.8536585365853658,1.0983554460951774
"HigherEducation=yes, Sex=M",Result=Pass,0.3189873417721519,0.7368421052631579,1.0983118172790465
"FamilySupport=yes, Romantic=yes",Internet=yes,0.189873417721519,0.9146341463414634,1.0981169842093559
G2Level=Medium,"Failures=0, Internet=yes",0.3392405063291139,0.7362637362637362,1.0974497200912294
"G1Level=Medium, Sex=M",Failures=0,0.19746835443037974,0.8666666666666667,1.0972222222222223
"Absences=Medium, School=GP",Romantic=no,0.23291139240506328,0.7301587301587302,1.0966262297060778
"FamilySize=GT3, StudyTime=2-5 hrs",FamilySupport=yes,0.22278481012658227,0.6717557251908397,1.0964607911172797
"Absences=Low, AgeGroup=<=16",FamilySize=GT3,0.19746835443037974,0.7799999999999999,1.0964412811387898
"Absences=Low, AgeGroup=<=16",Romantic=no,0.1848101265822785,0.73,1.0963878326996197
"AgeGroup=<=16, FamilySize=GT3",Romantic=no,0.25316455696202533,0.7299270072992701,1.096278204879132
"AgeGroup=17-18, G1Level=Medium",SchoolSupport=no,0.21265822784810126,0.9545454545454546,1.0960623678646935
"FamilySize=LE3, HigherEducation=yes",Address=U,0.23291139240506328,0.8518518518518517,1.0960308843044997
StudyTime=<2 hrs,"HigherEducation=yes, Romantic=no",0.18734177215189873,0.7047619047619048,1.0959880014998127
Absences=Medium,"Result=Pass, SchoolSupport=no",0.2430379746835443,0.6575342465753424,1.095890410958904
"Absences=Low, Internet=yes",FamilySupport=yes,0.25316455696202533,0.6711409395973155,1.0954573187642132
"AgeGroup=<=16, G2Level=Medium",Failures=0,0.1949367088607595,0.8651685393258427,1.0953255545952176
G1Level=Medium,"Failures=0, HigherEducation=yes",0.40253164556962023,0.8457446808510638,1.0953086850366236
"Failures=0, Sex=M",Romantic=no,0.26582278481012656,0.7291666666666666,1.095136248415716
"FamilySize=GT3, Internet=yes",FamilySupport=yes,0.39746835443037976,0.6709401709401709,1.0951296178568903
"AgeGroup=<=16, Sex=M",Address=U,0.20253164556962025,0.851063829787234,1.0950169796936724
"AgeGroup=<=16, Internet=yes",FamilySupport=yes,0.27341772151898736,0.6708074534161491,1.0949129921461938
Romantic=yes,"Internet=yes, SchoolSupport=no",0.26582278481012656,0.7954545454545454,1.0947893569844789
"AgeGroup=17-18, Failures=0",SchoolSupport=no,0.35443037974683544,0.9523809523809524,1.093576965669989
"FamilySize=GT3, Sex=M",Romantic=no,0.23037974683544304,0.728,1.093384030418251
"AgeGroup=17-18, HigherEducation=yes",SchoolSupport=no,0.40253164556962023,0.9520958083832335,1.0932495474167943
AgeGroup=<=16,"Failures=0, HigherEducation=yes",0.39746835443037976,0.8440860215053764,1.0931605852282744
"Activities=yes, Sex=M",Result=Pass,0.1949367088607595,0.7333333333333335,1.0930817610062895
"AgeGroup=<=16, Internet=yes",Failures=0,0.3518987341772152,0.8633540372670807,1.0930283484631311
"FamilySupport=yes, Sex=M",Internet=yes,0.23037974683544304,0.9099999999999999,1.0925531914893616
"FamilySize=LE3, SchoolSupport=no",Result=Pass,0.18734177215189873,0.7326732673267328,1.0920978890341866
"AgeGroup=<=16, Romantic=no",FamilySupport=yes,0.23544303797468355,0.6690647482014389,1.0920684939651584
"Activities=no, Internet=yes",Address=U,0.3392405063291139,0.8481012658227847,1.0912052117263842
"Activities=no, G1Level=Medium",Failures=0,0.20506329113924052,0.8617021276595745,1.0909369885433717
AgeGroup=17-18,SchoolSupport=no,0.43291139240506327,0.95,1.090843023255814
"G1Level=Medium, G2Level=Medium",Failures=0,0.3139240506329114,0.8611111111111112,1.0901887464387465
"Absences=Medium, Address=U",Failures=0,0.23544303797468355,0.861111111111111,1.0901887464387463
"G2Level=Medium, SchoolSupport=no",Failures=0,0.34430379746835443,0.860759493670886,1.0897435897435896
G2Level=Medium,"Address=U, Failures=0",0.31645569620253167,0.6868131868131868,1.0895229268723243
"Romantic=no, Sex=F",Failures=0,0.2810126582278481,0.8604651162790697,1.0893709004174121
"G2Level=Medium, Sex=M",Failures=0,0.18734177215189873,0.8604651162790697,1.0893709004174121
"Absences=Low, HigherEducation=yes",Failures=0,0.3721518987341772,0.8596491228070176,1.0883378317588843
"AgeGroup=<=16, FamilySupport=yes",FamilySize=GT3,0.2430379746835443,0.7741935483870968,1.088279187234531
FamilySupport=yes,"FamilySize=GT3, School=GP",0.4253164556962025,0.6942148760330578,1.0881542699724518
"FamilySize=GT3, School=GP",FamilySupport=yes,0.4253164556962025,0.6666666666666667,1.0881542699724518
"G2Level=Low, Internet=yes",FamilySupport=yes,0.19240506329113924,0.6666666666666667,1.0881542699724518
"Address=U, FamilySize=GT3",FamilySupport=yes,0.3594936708860759,0.6666666666666666,1.0881542699724516
AgeGroup=<=16,FamilySupport=yes,0.3139240506329114,0.6666666666666666,1.0881542699724516
"AgeGroup=<=16, School=GP",FamilySupport=yes,0.3139240506329114,0.6666666666666666,1.0881542699724516
"AgeGroup=<=16, HigherEducation=yes",FamilySupport=yes,0.30886075949367087,0.6666666666666666,1.0881542699724516
"Failures=0, Romantic=yes",Internet=yes,0.22025316455696203,0.9062500000000001,1.0880509118541035
FamilySize=LE3,"Address=U, HigherEducation=yes",0.23291139240506328,0.8070175438596492,1.0879588048619844
"AgeGroup=<=16, SchoolSupport=no",Romantic=no,0.26582278481012656,0.7241379310344827,1.0875835846335387
"Activities=yes, Address=U",School=GP,0.369620253164557,0.9605263157894738,1.0871286382144474
"Absences=Medium, Failures=0",Romantic=no,0.22531645569620254,0.7235772357723578,1.0867414757797769
"FamilySize=GT3, G2Level=Medium",Failures=0,0.2759493670886076,0.8582677165354332,1.086588935998385
"G2Level=Medium, HigherEducation=yes",Failures=0,0.3822784810126582,0.8579545454545454,1.0861924533799534
"AgeGroup=<=16, HigherEducation=yes",Failures=0,0.39746835443037976,0.8579234972677595,1.0861531455793751
"G2Level=Medium, Internet=yes",Address=U,0.3291139240506329,0.844155844155844,1.0861288548584962
AgeGroup=17-18,"Internet=yes, SchoolSupport=no",0.3594936708860759,0.7888888888888889,1.0857530003871467
"Result=Pass, StudyTime=2-5 hrs",Address=U,0.27341772151898736,0.84375,1.08560667752443
"FamilySupport=yes, StudyTime=2-5 hrs",Address=U,0.27341772151898736,0.84375,1.08560667752443
"Activities=yes, AgeGroup=<=16",Failures=0,0.22784810126582278,0.8571428571428572,1.0851648351648353
G2Level=Medium,"Failures=0, SchoolSupport=no",0.34430379746835443,0.7472527472527473,1.085164835164835
"FamilySupport=no, School=GP",Result=Pass,0.23037974683544304,0.728,1.085132075471698
"School=GP, StudyTime=2-5 hrs",FamilySupport=yes,0.29620253164556964,0.6647727272727273,1.0850629226145754
"FamilySupport=yes, G1Level=Medium",Internet=yes,0.2607594936708861,0.9035087719298246,1.0847597717698503
"Absences=Medium, Result=Pass",Romantic=no,0.19746835443037974,0.7222222222222222,1.0847063793831855
"Romantic=no, SchoolSupport=no",Result=Pass,0.41265822784810124,0.7276785714285714,1.0846529649595686
"Address=U, FamilySupport=yes",School=GP,0.4607594936708861,0.9578947368421052,1.084150203589202
"G2Level=Medium, Result=Pass",Failures=0,0.37721518987341773,0.8563218390804598,1.084125405246095
"AgeGroup=17-18, HigherEducation=yes",Failures=0,0.3620253164556962,0.8562874251497006,1.0840818363273452
"Failures=0, FamilySupport=no",Romantic=no,0.21012658227848102,0.7217391304347827,1.0839808232765746
"Address=U, G2Level=Medium",Internet=yes,0.3291139240506329,0.9027777777777777,1.0838821344140492
"Romantic=yes, School=GP",Internet=yes,0.2582278481012658,0.902654867256637,1.0837345670710383
"FamilySize=GT3, G2Level=Low",FamilySupport=yes,0.1848101265822785,0.6636363636363637,1.0832081141998497
"G1Level=Medium, Internet=yes",Address=U,0.3367088607594937,0.8417721518987342,1.0830618892508144
"Activities=no, Result=Pass",Romantic=no,0.23544303797468355,0.7209302325581395,1.0827659386329471
"Absences=Low, Address=U",Failures=0,0.3139240506329114,0.8551724137931035,1.0826702033598585
StudyTime=2-5 hrs,"Address=U, HigherEducation=yes",0.40253164556962023,0.803030303030303,1.0825835143241287
"Romantic=no, StudyTime=2-5 hrs",Address=U,0.2683544303797468,0.8412698412698413,1.0824155938162452
"AgeGroup=17-18, FamilySize=GT3",SchoolSupport=no,0.2911392405063291,0.9426229508196722,1.0823722836446819
AgeGroup=<=16,Failures=0,0.40253164556962023,0.8548387096774193,1.0822477253928866
"AgeGroup=<=16, School=GP",Failures=0,0.40253164556962023,0.8548387096774193,1.0822477253928866
"Address=U, Romantic=no",School=GP,0.4936708860759494,0.9558823529411765,1.0818725771110735
"FamilySize=GT3, Romantic=yes",Internet=yes,0.20759493670886076,0.901098901098901,1.0818664618056715
"Absences=Low, FamilySupport=yes",Address=U,0.24050632911392406,0.8407079646017699,1.0816926580381079
"Address=U, StudyTime=2-5 hrs",FamilySupport=yes,0.27341772151898736,0.6625766871165645,1.0814784769051362
"Absences=Low, StudyTime=2-5 hrs",Failures=0,0.20759493670886076,0.8541666666666666,1.0813969017094016
"Activities=no, Failures=0",Romantic=no,0.27341772151898736,0.72,1.0813688212927757
Sex=F,"FamilySize=GT3, HigherEducation=yes",0.3848101265822785,0.7307692307692307,1.081100547392682
"Internet=yes, Result=Pass",Address=U,0.47848101265822784,0.84,1.0807817589576547
"Activities=yes, AgeGroup=17-18",SchoolSupport=no,0.20253164556962025,0.9411764705882353,1.0807113543091655
"Address=U, Result=Pass",Internet=yes,0.47848101265822784,0.9000000000000001,1.0805471124620063
G1Level=Medium,"Failures=0, School=GP",0.36455696202531646,0.7659574468085106,1.080547112462006
"AgeGroup=17-18, Sex=F",SchoolSupport=no,0.24050632911392406,0.9405940594059407,1.0800425972829841
"Romantic=no, Sex=M",Result=Pass,0.24556962025316456,0.7238805970149255,1.0789918332863984
"Address=U, G1Level=Medium",Internet=yes,0.3367088607594937,0.8986486486486487,1.0789246693502013
"Absences=Medium, HigherEducation=yes",Failures=0,0.30632911392405066,0.8521126760563381,1.0787964969302999
AgeGroup=<=16,"HigherEducation=yes, Internet=yes",0.40253164556962023,0.8548387096774193,1.0787900649283726
"Romantic=no, Sex=F",FamilySize=GT3,0.25063291139240507,0.7674418604651162,1.0787883803691134
"Address=U, FamilySize=GT3",School=GP,0.5139240506329114,0.9530516431924883,1.078668765217859
"Result=Pass, Sex=M",SchoolSupport=no,0.3139240506329114,0.9393939393939394,1.078664552501762
"FamilySupport=no, Result=Pass",Failures=0,0.23291139240506328,0.8518518518518517,1.07846628679962
G2Level=Medium,Failures=0,0.3924050632911392,0.8516483516483516,1.078208650324035
"Internet=yes, Sex=M",Result=Pass,0.2911392405063291,0.7232704402515724,1.0780823543372493
Address=U,"Failures=0, Internet=yes",0.5620253164556962,0.7231270358306189,1.077868600577715
"Failures=0, Internet=yes",Address=U,0.5620253164556962,0.8377358490566037,1.0778686005777147
"Absences=Medium, Internet=yes",Failures=0,0.2607594936708861,0.8512396694214875,1.0776912481457936
"Internet=yes, Romantic=no",Result=Pass,0.389873417721519,0.7230046948356809,1.0776862432456376
"School=GP, Sex=M",Result=Pass,0.3037974683544304,0.7228915662650602,1.0775176176403727
"G2Level=Medium, School=GP",Failures=0,0.3468354430379747,0.8509316770186336,1.0773013218665393
"HigherEducation=yes, StudyTime=2-5 hrs",Address=U,0.40253164556962023,0.8368421052631578,1.076718669638265
"School=GP, Sex=M",Romantic=no,0.3012658227848101,0.716867469879518,1.0766640707315955
"Activities=yes, FamilySupport=yes",School=GP,0.29620253164556964,0.951219512195122,1.0765951499056539
"FamilySize=LE3, HigherEducation=yes",Result=Pass,0.19746835443037974,0.7222222222222222,1.0765199161425576
Sex=M,Romantic=no,0.3392405063291139,0.7165775401069517,1.0762286248754598
"G1Level=Medium, School=GP",Address=U,0.3493670886075949,0.8363636363636363,1.076103050044418
"AgeGroup=17-18, School=GP",SchoolSupport=no,0.3392405063291139,0.9370629370629371,1.0759879655228493
"G2Level=Low, HigherEducation=yes",FamilySupport=yes,0.22025316455696203,0.6590909090909091,1.0757888805409466
"Result=Pass, School=GP",Romantic=no,0.4278481012658228,0.7161016949152543,1.0755139524392603
"Failures=0, StudyTime=2-5 hrs",Result=Pass,0.28860759493670884,0.7215189873417721,1.0754716981132075
"Absences=Low, Activities=no",Failures=0,0.2,0.8494623655913979,1.075441135925007
"FamilySupport=yes, Romantic=no",School=GP,0.3848101265822785,0.95,1.075214899713467
"Absences=Low, Romantic=no",Failures=0,0.2708860759493671,0.8492063492063493,1.0751170126170126
"Activities=no, G1Level=Medium",SchoolSupport=no,0.22278481012658227,0.9361702127659575,1.074962889658585
"Failures=0, StudyTime=2-5 hrs",Address=U,0.3341772151898734,0.8354430379746836,1.0749185667752443
Absences=Low,"Address=U, Failures=0",0.3139240506329114,0.6775956284153005,1.0749006956788902
"AgeGroup=17-18, Failures=0",Result=Pass,0.2683544303797468,0.7210884353741497,1.0748299319727892
"Internet=yes, StudyTime=2-5 hrs",FamilySupport=yes,0.2683544303797468,0.6583850931677018,1.0746368256249677
"Absences=Low, School=GP",FamilySupport=yes,0.2683544303797468,0.6583850931677018,1.0746368256249677
"SchoolSupport=no, Sex=M",Result=Pass,0.3139240506329114,0.7209302325581396,1.0745941202281704
G2Level=Medium,"Failures=0, HigherEducation=yes",0.3822784810126582,0.8296703296703296,1.0744910826878038
"Failures=0, FamilySupport=yes",Result=Pass,0.3594936708860759,0.7208121827411167,1.074418159180155
"Activities=yes, FamilySupport=yes",FamilySize=GT3,0.2379746835443038,0.7642276422764227,1.0742701733067153
"SchoolSupport=no, Sex=M",Romantic=no,0.31139240506329113,0.7151162790697675,1.0740339552568752
"HigherEducation=yes, StudyTime=2-5 hrs",FamilySupport=yes,0.31645569620253167,0.6578947368421053,1.073836450630709
"G1Level=Low, Internet=yes",FamilySupport=yes,0.189873417721519,0.6578947368421053,1.073836450630709
"Activities=yes, FamilySupport=yes",Internet=yes,0.27848101265822783,0.8943089430894309,1.073714384560259
AgeGroup=17-18,"HigherEducation=yes, SchoolSupport=no",0.40253164556962023,0.8833333333333333,1.0735897435897435
"AgeGroup=<=16, StudyTime=2-5 hrs",Failures=0,0.19746835443037974,0.8478260869565217,1.0733695652173914
Absences=Medium,"Failures=0, HigherEducation=yes",0.30632911392405066,0.8287671232876712,1.0733213563889512
"Activities=yes, FamilySize=GT3",FamilySupport=yes,0.2379746835443038,0.6573426573426573,1.072935329133676
"Activities=yes, AgeGroup=<=16",Romantic=no,0.189873417721519,0.7142857142857144,1.0727865290602936
FamilySupport=yes,"Failures=0, School=GP",0.46582278481012657,0.7603305785123966,1.0726092089728452
"Failures=0, School=GP",FamilySupport=yes,0.46582278481012657,0.6571428571428571,1.0726092089728452
"Address=U, Romantic=yes",Internet=yes,0.23291139240506328,0.8932038834951456,1.0723876412783662
"Absences=Low, Sex=F",FamilySize=GT3,0.18734177215189873,0.7628865979381443,1.0723850753934767
"Absences=Low, StudyTime=2-5 hrs",Address=U,0.20253164556962025,0.8333333333333334,1.0722041259500543
"Failures=0, Result=Pass",Romantic=no,0.42278481012658226,0.7136752136752136,1.0718696174969937
"FamilySize=GT3, Result=Pass",Romantic=no,0.3341772151898734,0.7135135135135136,1.0716267598396876
Activities=yes,"HigherEducation=yes, School=GP",0.4582278481012658,0.9004975124378108,1.0713750524486
"Absences=Low, Failures=0",Romantic=no,0.2708860759493671,0.7133333333333333,1.0713561470215462
"Absences=Medium, FamilySize=GT3",Failures=0,0.22278481012658227,0.846153846153846,1.0712524654832345
"G1Level=Low, HigherEducation=yes",Romantic=no,0.23291139240506328,0.7131782945736433,1.0711232941315176
"G2Level=Low, School=GP",FamilySize=GT3,0.2430379746835443,0.761904761904762,1.0710049144212845
"AgeGroup=17-18, FamilySupport=yes",SchoolSupport=no,0.24556962025316456,0.9326923076923076,1.0709693649373881
"FamilySupport=yes, G1Level=Low",School=GP,0.22278481012658227,0.9462365591397849,1.0709554179375789
"G2Level=Medium, School=GP",Address=U,0.3392405063291139,0.8322981366459626,1.0708721953588118
"Failures=0, School=GP",Address=U,0.589873417721519,0.8321428571428572,1.0706724057701256
Address=U,"Failures=0, School=GP",0.589873417721519,0.758957654723127,1.0706724057701256
"AgeGroup=<=16, FamilySize=GT3",Address=U,0.28860759493670884,0.8321167883211678,1.0706388644523168
"Absences=Low, Internet=yes",Failures=0,0.3189873417721519,0.8456375838926173,1.070598864223025
"FamilySupport=no, School=GP",Address=U,0.26329113924050634,0.832,1.070488599348534
"Address=U, Failures=0",Internet=yes,0.5620253164556962,0.891566265060241,1.0704215036437543
Internet=yes,"Address=U, Failures=0",0.5620253164556962,0.6747720364741642,1.0704215036437543
"Activities=no, FamilySupport=yes",Address=U,0.25063291139240507,0.8319327731092437,1.0704021022089618
Sex=M,"School=GP, SchoolSupport=no",0.3822784810126582,0.8074866310160427,1.0703262390984458
"Absences=Low, Sex=F",Failures=0,0.20759493670886076,0.845360824742268,1.0702484800422944
"Activities=no, StudyTime=2-5 hrs",Address=U,0.2,0.8315789473684211,1.069946854105949
FamilySupport=yes,"FamilySize=GT3, HigherEducation=yes",0.4430379746835443,0.7231404958677685,1.0698145912650507
"FamilySize=GT3, HigherEducation=yes",FamilySupport=yes,0.4430379746835443,0.6554307116104868,1.0698145912650507
"Absences=Low, Address=U",FamilySupport=yes,0.24050632911392406,0.6551724137931034,1.0693929894556853
"Internet=yes, Romantic=no",Address=U,0.4481012658227848,0.8309859154929577,1.069183832637519
G1Level=Low,FamilySupport=yes,0.23544303797468355,0.6549295774647887,1.0689966243743452
"Absences=Low, Activities=yes",School=GP,0.21518987341772153,0.9444444444444445,1.0689270932823942
"Activities=yes, Sex=F",FamilySize=GT3,0.1848101265822785,0.7604166666666667,1.0689131079478056
"Sex=F, StudyTime=2-5 hrs",FamilySupport=yes,0.18734177215189873,0.654867256637168,1.0688949023623198
"AgeGroup=<=16, FamilySupport=yes",Address=U,0.2607594936708861,0.8306451612903226,1.0687454029631187
"Address=U, Internet=yes",School=GP,0.6430379746835443,0.9442379182156134,1.068693345831425
School=GP,"Address=U, Internet=yes",0.6430379746835443,0.7277936962750716,1.068693345831425
"School=GP, Sex=F",Address=U,0.3848101265822785,0.8306010928961748,1.0686887025862835
"Result=Pass, School=GP",Address=U,0.4962025316455696,0.8305084745762712,1.0685695356925964
"Absences=Low, AgeGroup=<=16",Internet=yes,0.22531645569620254,0.89,1.0685410334346506
"G2Level=Medium, Sex=F",Failures=0,0.20506329113924052,0.8437500000000001,1.0682091346153848
"G2Level=Medium, Sex=M",SchoolSupport=no,0.20253164556962025,0.9302325581395349,1.0681449432125474
FamilySize=LE3,"Address=U, SchoolSupport=no",0.20759493670886076,0.7192982456140351,1.068130853449413
"Address=U, G1Level=Low",School=GP,0.25316455696202533,0.9433962264150945,1.0677407147104936
"School=GP, Sex=F",FamilySize=GT3,0.3518987341772152,0.7595628415300546,1.06771289111876
"Result=Pass, Sex=F",FamilySupport=yes,0.22025316455696203,0.6541353383458647,1.0677002423413906
"Activities=no, G1Level=Medium",Address=U,0.19746835443037974,0.8297872340425532,1.0676415552013305
"Romantic=no, School=GP",Failures=0,0.5037974683544304,0.8432203389830509,1.0675385701868754
Romantic=no,"Failures=0, School=GP",0.5037974683544304,0.7566539923954373,1.067422596414992
"Failures=0, School=GP",Romantic=no,0.5037974683544304,0.7107142857142857,1.067422596414992
"Romantic=no, School=GP",Result=Pass,0.4278481012658228,0.7161016949152543,1.0673968660057565
Result=Fail,FamilySupport=yes,0.21518987341772153,0.653846153846154,1.0672282263191355
"Failures=0, Sex=M",Internet=yes,0.3240506329113924,0.888888888888889,1.0672070246538332
"Address=U, AgeGroup=17-18",Internet=yes,0.28354430379746837,0.888888888888889,1.0672070246538332
"Failures=0, FamilySize=LE3",Internet=yes,0.20253164556962025,0.888888888888889,1.0672070246538332
Sex=M,"Internet=yes, SchoolSupport=no",0.3670886075949367,0.7754010695187166,1.0671896252957946
"Activities=yes, Sex=M",School=GP,0.25063291139240507,0.942857142857143,1.0671305771592305
FamilySupport=yes,"HigherEducation=yes, School=GP",0.549367088607595,0.8966942148760331,1.0668500448073284
"HigherEducation=yes, School=GP",FamilySupport=yes,0.549367088607595,0.6536144578313253,1.0668500448073284
"FamilySize=GT3, G2Level=Medium",FamilySupport=yes,0.21012658227848102,0.6535433070866142,1.0667339103273248
"HigherEducation=yes, Romantic=no",Failures=0,0.5417721518987342,0.8425196850393701,1.0666515243286898
Failures=0,"HigherEducation=yes, Romantic=no",0.5417721518987342,0.6858974358974359,1.0666515243286898
Absences=Medium,Failures=0,0.31139240506329113,0.8424657534246575,1.0665832455216016
"Activities=yes, Address=U",Internet=yes,0.34177215189873417,0.888157894736842,1.0663293872980322
"Address=U, School=GP",Internet=yes,0.6430379746835443,0.8881118881118881,1.0662741513805343
Internet=yes,"Address=U, School=GP",0.6430379746835443,0.7720364741641337,1.0662741513805343
"Address=U, AgeGroup=17-18",SchoolSupport=no,0.29620253164556964,0.9285714285714287,1.0662375415282395
FamilySupport=yes,"Internet=yes, School=GP",0.4911392405063291,0.8016528925619835,1.0661713554275538
"Internet=yes, School=GP",FamilySupport=yes,0.4911392405063291,0.6531986531986532,1.0661713554275538
"FamilySize=LE3, Internet=yes",Failures=0,0.20253164556962025,0.8421052631578947,1.0661268556005397
"Failures=0, FamilySize=GT3",FamilySupport=yes,0.3670886075949367,0.6531531531531531,1.0660970888243615
AgeGroup=<=16,"FamilySize=GT3, HigherEducation=yes",0.3392405063291139,0.7204301075268816,1.0658048407232892
"Absences=Low, School=GP",FamilySize=GT3,0.30886075949367087,0.7577639751552795,1.0651842355385601
Absences=Medium,"HigherEducation=yes, Romantic=no",0.25316455696202533,0.684931506849315,1.0651493905727538
"Absences=Medium, SchoolSupport=no",Failures=0,0.2683544303797468,0.8412698412698413,1.06506919006919
"Activities=no, School=GP",FamilySupport=yes,0.2708860759493671,0.6524390243902439,1.0649314654303568
"G2Level=Low, HigherEducation=yes",FamilySize=GT3,0.25316455696202533,0.7575757575757576,1.064919659225709
"Activities=no, G2Level=Medium",Address=U,0.18227848101265823,0.8275862068965517,1.0648096147366055
"Absences=Low, Romantic=no",Result=Pass,0.22784810126582278,0.7142857142857143,1.064690026954178
"Absences=Low, FamilySupport=yes",Failures=0,0.24050632911392406,0.8407079646017699,1.0643578398003177
"Activities=no, Sex=M",SchoolSupport=no,0.19240506329113924,0.926829268292683,1.0642370958593308
"G1Level=Medium, Internet=yes",FamilySupport=yes,0.2607594936708861,0.6518987341772151,1.0640495867768593
"Activities=no, Failures=0",Address=U,0.3139240506329114,0.8266666666666667,1.0636264929424537
"Absences=Low, Failures=0",Address=U,0.3139240506329114,0.8266666666666667,1.0636264929424537
"Absences=Low, Result=Pass",Address=U,0.25316455696202533,0.8264462809917356,1.0633429348265
"Romantic=no, School=GP",Address=U,0.4936708860759494,0.8262711864406781,1.06311765030641
"Absences=Low, School=GP",Address=U,0.3367088607594937,0.8260869565217391,1.062880611811358
"G1Level=Medium, StudyTime=2-5 hrs",Address=U,0.19240506329113924,0.8260869565217391,1.062880611811358
Absences=Medium,"Failures=0, School=GP",0.27848101265822783,0.7534246575342465,1.0628669275929548
"FamilySupport=yes, G2Level=Medium",Internet=yes,0.25316455696202533,0.8849557522123893,1.0624848696774887
"Absences=Low, FamilySupport=yes",Internet=yes,0.25316455696202533,0.8849557522123893,1.0624848696774887
"SchoolSupport=no, Sex=F",FamilySize=GT3,0.3291139240506329,0.7558139534883721,1.0624431018786724
"Result=Pass, Romantic=yes",SchoolSupport=no,0.18734177215189873,0.925,1.0621366279069768
"FamilySize=LE3, Result=Pass",SchoolSupport=no,0.18734177215189873,0.925,1.0621366279069768
G2Level=Medium,"Failures=0, School=GP",0.3468354430379747,0.7527472527472527,1.0619113029827316
"Absences=Low, FamilySupport=yes",School=GP,0.2683544303797468,0.9380530973451326,1.0616933336714252
"FamilySize=GT3, Sex=M",Result=Pass,0.22531645569620254,0.712,1.0612830188679245
"Address=U, Romantic=no",Failures=0,0.43291139240506327,0.8382352941176471,1.061227375565611
FamilySize=LE3,Address=U,0.2379746835443038,0.8245614035087719,1.0609177667295273
"AgeGroup=17-18, StudyTime=2-5 hrs",SchoolSupport=no,0.21518987341772153,0.923913043478261,1.0608885237613752
"Address=U, SchoolSupport=no",Internet=yes,0.5949367088607594,0.8834586466165413,1.060687432867884
Internet=yes,"Address=U, SchoolSupport=no",0.5949367088607594,0.7142857142857142,1.0606874328678837
"Address=U, Sex=M",School=GP,0.3392405063291139,0.9370629370629371,1.0605726651571923
Activities=yes,"Failures=0, Internet=yes",0.3620253164556962,0.7114427860696516,1.060452454707594
"G2Level=Low, Internet=yes",FamilySize=GT3,0.21772151898734177,0.7543859649122807,1.0604357869763377
"G2Level=Medium, StudyTime=2-5 hrs",Address=U,0.189873417721519,0.8241758241758242,1.0604216630275263
"Internet=yes, Sex=M",Address=U,0.33164556962025316,0.8238993710691824,1.0600659660336387
"G2Level=Low, Result=Fail",FamilySize=GT3,0.23291139240506328,0.7540983606557378,1.0600315034128698
"Sex=M, StudyTime=<2 hrs",SchoolSupport=no,0.18227848101265823,0.9230769230769231,1.0599284436493739
"FamilySize=GT3, Romantic=yes",SchoolSupport=no,0.21265822784810126,0.923076923076923,1.0599284436493739
"Absences=Low, Address=U",Internet=yes,0.3240506329113924,0.8827586206896552,1.0598469762079445
"Activities=yes, Failures=0",Internet=yes,0.3620253164556962,0.882716049382716,1.0597958647604038
"AgeGroup=17-18, StudyTime=2-5 hrs",Failures=0,0.1949367088607595,0.8369565217391305,1.0596084169453734
Result=Pass,"HigherEducation=yes, SchoolSupport=no",0.5848101265822785,0.8716981132075472,1.0594484760522496
"HigherEducation=yes, SchoolSupport=no",Result=Pass,0.5848101265822785,0.7107692307692307,1.0594484760522496
"Address=U, StudyTime=<2 hrs",School=GP,0.1848101265822785,0.935897435897436,1.0592535449268974
StudyTime=2-5 hrs,Address=U,0.41265822784810124,0.8232323232323232,1.0592077123021748
G2Level=Low,FamilySize=GT3,0.27848101265822783,0.7534246575342465,1.0590844830107735
"Address=U, Failures=0",School=GP,0.589873417721519,0.9357429718875502,1.0590787217638462
School=GP,"Address=U, Failures=0",0.589873417721519,0.667621776504298,1.0590787217638462
"Activities=yes, Internet=yes",Failures=0,0.3620253164556962,0.8362573099415205,1.0587231968810917
"Address=U, HigherEducation=yes",Failures=0,0.620253164556962,0.8361774744027304,1.0586221230419184
Failures=0,"Address=U, HigherEducation=yes",0.620253164556962,0.7852564102564102,1.0586221230419184
FamilySupport=yes,"HigherEducation=yes, Internet=yes",0.5139240506329114,0.8388429752066114,1.0586037546537108
"Internet=yes, Sex=F",FamilySize=GT3,0.3240506329113924,0.7529411764705882,1.0584048566045634
"FamilySupport=yes, StudyTime=2-5 hrs",Failures=0,0.2708860759493671,0.8359375,1.0583183092948718
"Activities=no, Romantic=no",Result=Pass,0.23544303797468355,0.7099236641221375,1.05818810312545
"Address=U, AgeGroup=<=16",Internet=yes,0.3569620253164557,0.8812500000000001,1.0580357142857144
"HigherEducation=yes, School=GP",Address=U,0.6911392405063291,0.822289156626506,1.0579941917507163
Address=U,"HigherEducation=yes, School=GP",0.6911392405063291,0.8892508143322475,1.057994191750716
"Internet=yes, Romantic=no",Failures=0,0.4506329113924051,0.835680751173709,1.057993258697484
"FamilySupport=yes, G2Level=Low",School=GP,0.21772151898734177,0.9347826086956522,1.0579917777500933
"Internet=yes, Sex=M",Romantic=no,0.28354430379746837,0.7044025157232705,1.0579429418657484
"Failures=0, FamilySize=LE3",Address=U,0.18734177215189873,0.8222222222222223,1.057908070937387
"School=GP, SchoolSupport=no",Address=U,0.620253164556962,0.8221476510067114,1.0578121242594494
Address=U,"School=GP, SchoolSupport=no",0.620253164556962,0.7980456026058631,1.0578121242594494
"Absences=Medium, HigherEducation=yes",Romantic=no,0.25316455696202533,0.7042253521126761,1.057676859636909
StudyTime=2-5 hrs,"Address=U, Failures=0",0.3341772151898734,0.6666666666666666,1.0575635876840694
"G2Level=Medium, StudyTime=2-5 hrs",Failures=0,0.19240506329113924,0.8351648351648351,1.0573400958016341
"Activities=no, Result=Pass",Address=U,0.2683544303797468,0.821705426356589,1.0572431381460998
FamilySupport=yes,FamilySize=GT3,0.4607594936708861,0.7520661157024793,1.0571747889767946
"Failures=0, FamilySupport=yes",School=GP,0.46582278481012657,0.934010152284264,1.0571175075996684
"Address=U, G2Level=Low",School=GP,0.25063291139240507,0.9339622641509434,1.0570633075633886
"AgeGroup=<=16, Sex=F",Internet=yes,0.20506329113924052,0.8804347826086957,1.057056957843267
"Address=U, FamilySupport=no",Internet=yes,0.2607594936708861,0.8803418803418803,1.0569454186475462
"FamilySupport=no, Result=Pass",Romantic=no,0.19240506329113924,0.7037037037037036,1.056893395296437
"Activities=no, Sex=F",Address=U,0.23291139240506328,0.8214285714285714,1.0568869241507677
Address=U,"HigherEducation=yes, Internet=yes",0.6506329113924051,0.8371335504885994,1.0564464934281046
"HigherEducation=yes, Internet=yes",Address=U,0.6506329113924051,0.8210862619808307,1.0564464934281046
"Address=U, Result=Pass",School=GP,0.4962025316455696,0.9333333333333333,1.0563514804202483
Result=Pass,"HigherEducation=yes, Romantic=no",0.45569620253164556,0.6792452830188679,1.0563066409151687
"HigherEducation=yes, Romantic=no",Result=Pass,0.45569620253164556,0.7086614173228346,1.0563066409151685
FamilySize=LE3,"Address=U, Internet=yes",0.20759493670886076,0.7192982456140351,1.0562186134481184
Sex=M,SchoolSupport=no,0.43544303797468353,0.9197860962566844,1.0561497326203209
"FamilySupport=yes, Internet=yes",FamilySize=GT3,0.39746835443037976,0.7511961722488038,1.055951914726966
"FamilySize=GT3, FamilySupport=no",SchoolSupport=no,0.23037974683544304,0.9191919191919192,1.0554674653511864
"School=GP, StudyTime=<2 hrs",Address=U,0.1848101265822785,0.8202247191011236,1.0553379936317389
"Address=U, G1Level=Medium",School=GP,0.3493670886075949,0.9324324324324323,1.0553318361341282
Romantic=yes,Internet=yes,0.2936708860759494,0.8787878787878788,1.0550796721009488
"Romantic=no, StudyTime=2-5 hrs",Failures=0,0.26582278481012656,0.8333333333333333,1.0550213675213675
Absences=Low,"Address=U, SchoolSupport=no",0.3291139240506329,0.7103825136612021,1.054891326677349
Activities=yes,"HigherEducation=yes, Internet=yes",0.4253164556962025,0.8358208955223879,1.0547899480234608
"Activities=yes, Romantic=no",School=GP,0.31139240506329113,0.9318181818181818,1.0546366241208647
"Address=U, HigherEducation=yes",School=GP,0.6911392405063291,0.9317406143344711,1.0545488328427395
School=GP,"Address=U, HigherEducation=yes",0.6911392405063291,0.7822349570200573,1.0545488328427395
Address=U,School=GP,0.7240506329113924,0.9315960912052117,1.0543852608196522
School=GP,Address=U,0.7240506329113924,0.819484240687679,1.054385260819652
Absences=Medium,"Failures=0, SchoolSupport=no",0.2683544303797468,0.7260273972602739,1.0543412570507653
"FamilySupport=yes, School=GP",FamilySize=GT3,0.4253164556962025,0.75,1.054270462633452
Sex=F,FamilySize=GT3,0.3949367088607595,0.75,1.054270462633452
"Internet=yes, Result=Fail",FamilySize=GT3,0.19746835443037974,0.75,1.054270462633452
"HigherEducation=yes, Sex=M",SchoolSupport=no,0.39746835443037976,0.9181286549707603,1.054246566027472
"Absences=Medium, FamilySize=GT3",Romantic=no,0.1848101265822785,0.701923076923077,1.0542190699034806
"Absences=Low, School=GP",Romantic=no,0.28607594936708863,0.7018633540372672,1.054129372033158
"Address=U, FamilySize=GT3",Internet=yes,0.47341772151898737,0.8779342723004695,1.0540548254063387
"FamilySupport=no, SchoolSupport=no",Result=Pass,0.25063291139240507,0.7071428571428572,1.0540431266846362
"Romantic=no, Sex=M",SchoolSupport=no,0.31139240506329113,0.9179104477611941,1.053996008330441
"Absences=Low, HigherEducation=yes",Romantic=no,0.3037974683544304,0.7017543859649124,1.05396571276099
"AgeGroup=<=16, G1Level=Medium",Internet=yes,0.2,0.8777777777777779,1.0538669368456604
"Activities=yes, AgeGroup=<=16",Address=U,0.21772151898734177,0.8190476190476191,1.0538234837909106
"Failures=0, HigherEducation=yes",Romantic=no,0.5417721518987342,0.7016393442622951,1.053792931496603
Romantic=no,"Failures=0, HigherEducation=yes",0.5417721518987342,0.8136882129277566,1.0537929314966028
"Sex=M, StudyTime=2-5 hrs",SchoolSupport=no,0.19746835443037974,0.9176470588235294,1.0536935704514363
"Internet=yes, SchoolSupport=no",Address=U,0.5949367088607594,0.8188153310104529,1.0535246115606804
Address=U,"Internet=yes, SchoolSupport=no",0.5949367088607594,0.765472312703583,1.0535246115606804
"Activities=yes, Sex=F",HigherEducation=yes,0.2430379746835443,1.0,1.0533333333333335
"AgeGroup=<=16, Sex=F",HigherEducation=yes,0.23291139240506328,1.0,1.0533333333333335
"Absences=Medium, Sex=F",HigherEducation=yes,0.18734177215189873,1.0,1.0533333333333335
StudyTime=2-5 hrs,"Address=U, School=GP",0.3822784810126582,0.7626262626262625,1.0532775305502577
"Address=U, G2Level=Medium",School=GP,0.3392405063291139,0.9305555555555555,1.0532075772047118
"Address=U, HigherEducation=yes",Internet=yes,0.6506329113924051,0.8771331058020478,1.0530929385769268
Internet=yes,"Address=U, HigherEducation=yes",0.6506329113924051,0.7811550151975685,1.0530929385769268
"Absences=Low, Sex=M",School=GP,0.20253164556962025,0.9302325581395349,1.0528420070633704
"Address=U, FamilySupport=yes",Failures=0,0.4,0.8315789473684211,1.0528002699055332
"Activities=yes, G2Level=Medium",Failures=0,0.2,0.8315789473684211,1.0528002699055332
Activities=yes,"Failures=0, School=GP",0.379746835443038,0.7462686567164178,1.0527718550106608
"AgeGroup=<=16, Result=Pass",Internet=yes,0.30632911392405066,0.8768115942028987,1.0527069292101672
"FamilySupport=yes, Sex=M",School=GP,0.23544303797468355,0.9299999999999999,1.0525787965616045
"FamilySupport=no, Internet=yes",SchoolSupport=no,0.27848101265822783,0.9166666666666666,1.0525678294573644
"FamilySupport=no, Result=Pass",SchoolSupport=no,0.25063291139240507,0.9166666666666666,1.0525678294573644
"FamilySupport=yes, Romantic=no",Failures=0,0.3367088607594937,0.83125,1.052383814102564
"Activities=yes, Internet=yes",School=GP,0.40253164556962023,0.9298245614035088,1.0523802342532549
FamilySupport=no,Result=Pass,0.27341772151898736,0.7058823529411765,1.0521642619311875
Sex=M,Result=Pass,0.3341772151898734,0.7058823529411764,1.0521642619311875
Activities=yes,"Internet=yes, School=GP",0.40253164556962023,0.7910447761194028,1.0520629177345593
"AgeGroup=<=16, Failures=0",FamilySize=GT3,0.3012658227848101,0.7484276729559749,1.0520602520199647
"FamilySupport=yes, Sex=F",Failures=0,0.29873417721518986,0.8309859154929577,1.052049476345251
Address=U,Internet=yes,0.6810126582278481,0.8762214983713354,1.051998455491421
Internet=yes,Address=U,0.6810126582278481,0.817629179331307,1.051998455491421
"Activities=yes, AgeGroup=<=16",Internet=yes,0.23291139240506328,0.8761904761904763,1.0519612100159215
"FamilySupport=yes, Result=Fail",School=GP,0.2,0.9294117647058824,1.051913028821844
"Address=U, Sex=M",SchoolSupport=no,0.33164556962025316,0.916083916083916,1.0518986827126362
"HigherEducation=yes, Romantic=yes",Internet=yes,0.2683544303797468,0.8760330578512395,1.0517722123137982
Absences=Medium,"Failures=0, Internet=yes",0.2607594936708861,0.7054794520547945,1.051563711553373
"Absences=Low, Activities=no",Address=U,0.19240506329113924,0.8172043010752688,1.0514517880284402
"FamilySupport=yes, HigherEducation=yes",FamilySize=GT3,0.4430379746835443,0.7478632478632478,1.0512668430817895
"Activities=no, Sex=F",Failures=0,0.23544303797468355,0.8303571428571428,1.051253434065934
"Result=Fail, SchoolSupport=no",FamilySize=GT3,0.20253164556962025,0.7476635514018691,1.0509861309741577
FamilySupport=no,SchoolSupport=no,0.35443037974683544,0.9150326797385621,1.0506915944672444
FamilySupport=no,"HigherEducation=yes, Result=Pass",0.26582278481012656,0.6862745098039215,1.0506915944672441
"FamilySupport=yes, Internet=yes",School=GP,0.4911392405063291,0.9282296650717703,1.0505751223591668
"Address=U, FamilySupport=yes",FamilySize=GT3,0.3594936708860759,0.7473684210526315,1.0505712680277204
"Activities=yes, HigherEducation=yes",School=GP,0.4582278481012658,0.9282051282051281,1.05054735140695
"Romantic=yes, SchoolSupport=no",Internet=yes,0.26582278481012656,0.8749999999999999,1.050531914893617
"Activities=no, Result=Pass",SchoolSupport=no,0.29873417721518986,0.9147286821705425,1.0503425274923381
"Address=U, Result=Fail",School=GP,0.22784810126582278,0.9278350515463917,1.0501284967358873
Sex=F,"Address=U, HigherEducation=yes",0.41012658227848103,0.7788461538461539,1.0499803097925966
"Activities=yes, Sex=M",SchoolSupport=no,0.2430379746835443,0.9142857142857144,1.0498338870431896
"AgeGroup=<=16, Failures=0",Internet=yes,0.3518987341772152,0.8742138364779874,1.0495880407562463
"FamilySupport=yes, HigherEducation=yes",School=GP,0.549367088607595,0.9273504273504274,1.0495799965714006
"Activities=yes, StudyTime=2-5 hrs",Address=U,0.21265822784810126,0.8155339805825242,1.0493026785996646
Absences=Medium,Romantic=no,0.2582278481012658,0.6986301369863013,1.049273399656232
"SchoolSupport=no, StudyTime=2-5 hrs",Address=U,0.3468354430379747,0.8154761904761906,1.0492283232511246
"AgeGroup=<=16, Result=Pass",FamilySize=GT3,0.2607594936708861,0.746376811594203,1.0491773686110681
Result=Pass,"Internet=yes, SchoolSupport=no",0.5113924050632911,0.7622641509433962,1.0491091972914337
"Internet=yes, SchoolSupport=no",Result=Pass,0.5113924050632911,0.7038327526132404,1.0491091972914337
"Activities=yes, Sex=M",Failures=0,0.22025316455696203,0.8285714285714287,1.0489926739926743
"Address=U, Sex=F",School=GP,0.3848101265822785,0.926829268292683,1.048990146061919
"Address=U, FamilySupport=yes",Internet=yes,0.42025316455696204,0.8736842105263158,1.0489521676531754
G2Level=Medium,"Address=U, Internet=yes",0.3291139240506329,0.7142857142857142,1.0488582049920339
"Absences=Low, Romantic=no",FamilySize=GT3,0.2379746835443038,0.746031746031746,1.0486923120375078
"Failures=0, FamilySize=GT3",Romantic=no,0.3924050632911392,0.6981981981981982,1.048624670297674
"Activities=yes, Result=Pass",School=GP,0.3189873417721519,0.926470588235294,1.0485841901230404
"Address=U, G1Level=Low",Romantic=no,0.18734177215189873,0.6981132075471699,1.0484970227419472
Romantic=no,Result=Pass,0.46835443037974683,0.7034220532319392,1.048497022741947
Result=Pass,Romantic=no,0.46835443037974683,0.6981132075471698,1.048497022741947
"Address=U, StudyTime=2-5 hrs",School=GP,0.3822784810126582,0.9263803680981595,1.0484820785065128
"Failures=0, FamilySupport=no",SchoolSupport=no,0.26582278481012656,0.9130434782608695,1.0484074823053589
"FamilySupport=no, Result=Pass",Address=U,0.22278481012658227,0.8148148148148148,1.0483773675956085
"Absences=Low, Internet=yes",Romantic=no,0.26329113924050634,0.697986577181208,1.0483068364508639
"FamilySupport=yes, G1Level=Medium",FamilySize=GT3,0.21518987341772153,0.7456140350877194,1.0481051382905664
"G1Level=Low, Internet=yes",FamilySize=GT3,0.21518987341772153,0.7456140350877194,1.0481051382905664
"Activities=yes, Failures=0",School=GP,0.379746835443038,0.9259259259259259,1.047967738512151
"Absences=Medium, Address=U",School=GP,0.25316455696202533,0.9259259259259259,1.047967738512151
Result=Pass,"Address=U, SchoolSupport=no",0.47341772151898737,0.7056603773584906,1.0478791317917435
"Address=U, SchoolSupport=no",Result=Pass,0.47341772151898737,0.7030075187969925,1.0478791317917435
"HigherEducation=yes, Result=Pass",Romantic=no,0.45569620253164556,0.6976744186046511,1.0478380051286584
Romantic=no,"HigherEducation=yes, Result=Pass",0.45569620253164556,0.6844106463878327,1.0478380051286584
Sex=M,"HigherEducation=yes, Romantic=no",0.3189873417721519,0.6737967914438502,1.047833592993389
"G1Level=Medium, School=GP",Internet=yes,0.36455696202531646,0.8727272727272727,1.047803260569218
Result=Pass,"HigherEducation=yes, Internet=yes",0.5569620253164557,0.830188679245283,1.0476821990475615
"HigherEducation=yes, Internet=yes",Result=Pass,0.5569620253164557,0.7028753993610223,1.0476821990475615
FamilySupport=yes,School=GP,0.5670886075949367,0.9256198347107438,1.047621302896114
FamilySize=LE3,"HigherEducation=yes, Result=Pass",0.19746835443037974,0.6842105263157895,1.047531619747042
"Activities=yes, G1Level=Medium",School=GP,0.22025316455696203,0.9255319148936171,1.0475217947936353
Absences=Low,"Failures=0, SchoolSupport=no",0.3341772151898734,0.7213114754098361,1.0474927675988428
Sex=F,"FamilySize=GT3, School=GP",0.3518987341772152,0.6682692307692307,1.0474855006105006
"FamilySupport=yes, SchoolSupport=no",FamilySize=GT3,0.3848101265822785,0.7450980392156863,1.0473798060149326
"HigherEducation=yes, Sex=F",FamilySize=GT3,0.3848101265822785,0.7450980392156863,1.0473798060149326
"Address=U, FamilySize=LE3",Internet=yes,0.20759493670886076,0.8723404255319149,1.0473388087693203
Result=Pass,"Address=U, Internet=yes",0.47848101265822784,0.7132075471698113,1.0472750227958196
"Address=U, Internet=yes",Result=Pass,0.47848101265822784,0.7026022304832714,1.0472750227958196
"Internet=yes, Sex=M",SchoolSupport=no,0.3670886075949367,0.9119496855345913,1.0471515284481498
"Activities=yes, Failures=0",HigherEducation=yes,0.40759493670886077,0.9938271604938271,1.0468312757201645
"Romantic=no, StudyTime=<2 hrs",SchoolSupport=no,0.18227848101265823,0.9113924050632911,1.0465116279069768
Romantic=yes,"Address=U, SchoolSupport=no",0.23544303797468355,0.7045454545454546,1.0462235133287765
"G1Level=Medium, Sex=M",SchoolSupport=no,0.20759493670886076,0.9111111111111111,1.046188630490956
FamilySize=LE3,Result=Pass,0.20253164556962025,0.7017543859649124,1.046011254551473
FamilySize=LE3,"Failures=0, Internet=yes",0.20253164556962025,0.7017543859649124,1.046011254551473
"Result=Pass, Sex=M",Internet=yes,0.2911392405063291,0.8712121212121212,1.0459841576862854
"Absences=Low, School=GP",Failures=0,0.3367088607594937,0.8260869565217391,1.0458472686733558
"AgeGroup=<=16, Sex=F",Failures=0,0.19240506329113924,0.8260869565217391,1.0458472686733558
"G1Level=Low, School=GP",FamilySize=GT3,0.23544303797468355,0.744,1.0458362989323844
"Absences=Low, FamilySize=GT3",Romantic=no,0.2379746835443038,0.6962962962962963,1.0457682016617378
"AgeGroup=<=16, FamilySupport=yes",Internet=yes,0.27341772151898736,0.8709677419354839,1.0456907539954898
"Romantic=no, SchoolSupport=no",Failures=0,0.46835443037974683,0.8258928571428571,1.0456015338827838
"G2Level=Low, SchoolSupport=no",FamilySize=GT3,0.22784810126582278,0.743801652892562,1.0455574836034234
"Result=Pass, Sex=F",HigherEducation=yes,0.3341772151898734,0.9924812030075187,1.0454135338345865
"FamilySupport=yes, School=GP",Address=U,0.4607594936708861,0.8125,1.0453990228013028
"Absences=Low, SchoolSupport=no",Address=U,0.3291139240506329,0.8125,1.0453990228013028
"Failures=0, Romantic=yes",Address=U,0.19746835443037974,0.8125,1.0453990228013028
"FamilySupport=yes, Result=Pass",School=GP,0.3670886075949367,0.9235668789808917,1.045297757012757
"Activities=yes, HigherEducation=yes",Failures=0,0.40759493670886077,0.8256410256410256,1.0452827087442471
"HigherEducation=yes, Result=Fail",FamilySize=GT3,0.22025316455696203,0.7435897435897435,1.045259603978465
"Romantic=no, Sex=F",HigherEducation=yes,0.3240506329113924,0.9922480620155039,1.0451679586563307
"Address=U, AgeGroup=17-18",Failures=0,0.26329113924050634,0.8253968253968255,1.044973544973545
Absences=Low,"FamilySize=GT3, School=GP",0.30886075949367087,0.6666666666666666,1.0449735449735449
"Result=Fail, School=GP",FamilySize=GT3,0.21265822784810126,0.743362831858407,1.0449406355305009
"Address=U, Romantic=no",Result=Pass,0.3620253164556962,0.7009803921568627,1.0448575656677765
Failures=0,"HigherEducation=yes, School=GP",0.6936708860759494,0.8782051282051283,1.0448524868705593
"HigherEducation=yes, School=GP",Failures=0,0.6936708860759494,0.8253012048192772,1.0448524868705593
Failures=0,"Address=U, Internet=yes",0.5620253164556962,0.7115384615384616,1.044824134972834
"Address=U, Internet=yes",Failures=0,0.5620253164556962,0.8252788104089219,1.0448241349728338
"Activities=yes, FamilySize=GT3",School=GP,0.3341772151898734,0.9230769230769231,1.0447432223936521
"Failures=0, Result=Fail",School=GP,0.18227848101265823,0.9230769230769231,1.0447432223936521
"FamilySize=GT3, FamilySupport=yes",School=GP,0.4253164556962025,0.923076923076923,1.0447432223936521
"FamilySize=LE3, SchoolSupport=no",Address=U,0.20759493670886076,0.8118811881188119,1.0446028316186668
"Failures=0, Sex=M",SchoolSupport=no,0.33164556962025316,0.9097222222222222,1.044593830749354
"School=GP, Sex=M",SchoolSupport=no,0.3822784810126582,0.9096385542168673,1.0444977584757633
"Absences=Low, SchoolSupport=no",Failures=0,0.3341772151898734,0.8250000000000001,1.044471153846154
"Internet=yes, Sex=F",Address=U,0.3493670886075949,0.8117647058823528,1.0444529603372292
"FamilySupport=yes, HigherEducation=yes",Failures=0,0.48860759493670886,0.8247863247863247,1.0442006355467894
"FamilySupport=yes, Sex=F",School=GP,0.33164556962025316,0.9225352112676056,1.0441301101739375
"Absences=Low, HigherEducation=yes",FamilySize=GT3,0.32151898734177214,0.7426900584795322,1.0439949220619757
Romantic=yes,SchoolSupport=no,0.3037974683544304,0.9090909090909091,1.0438689217758985
"AgeGroup=17-18, Sex=F",FamilySize=GT3,0.189873417721519,0.7425742574257427,1.0438321412212397
"Activities=no, Romantic=no",Failures=0,0.27341772151898736,0.8244274809160306,1.043746330005872
"Activities=yes, Romantic=no",FamilySize=GT3,0.2481012658227848,0.7424242424242424,1.0436212660411948
"G1Level=Medium, Sex=M",Address=U,0.1848101265822785,0.8111111111111112,1.0436120159247195
"Failures=0, Romantic=no",HigherEducation=yes,0.5417721518987342,0.9907407407407407,1.0435802469135802
Failures=0,"HigherEducation=yes, Internet=yes",0.6531645569620254,0.826923076923077,1.0435610715163433
"HigherEducation=yes, Internet=yes",Failures=0,0.6531645569620254,0.8242811501597445,1.0435610715163433
"G1Level=Low, Romantic=no",FamilySize=GT3,0.18227848101265823,0.7422680412371134,1.043401694977437
"Activities=no, HigherEducation=yes",Result=Pass,0.3189873417721519,0.7,1.0433962264150942
"Activities=yes, AgeGroup=<=16",HigherEducation=yes,0.26329113924050634,0.9904761904761906,1.0433015873015874
"FamilySize=LE3, HigherEducation=yes",Failures=0,0.22531645569620254,0.8240740740740741,1.0432989078822412
"AgeGroup=<=16, SchoolSupport=no",Internet=yes,0.3189873417721519,0.8689655172413793,1.0432868672046955
"AgeGroup=<=16, HigherEducation=yes",Internet=yes,0.40253164556962023,0.8688524590163933,1.043151128606308
"Activities=no, HigherEducation=yes",Romantic=no,0.31645569620253167,0.6944444444444445,1.042986903253063
Result=Pass,"Address=U, HigherEducation=yes",0.5189873417721519,0.7735849056603773,1.0428875008049456
"Address=U, HigherEducation=yes",Result=Pass,0.5189873417721519,0.6996587030716723,1.0428875008049454
"AgeGroup=<=16, FamilySize=GT3",Internet=yes,0.3012658227848101,0.8686131386861313,1.0428637987265104
"Absences=Low, AgeGroup=<=16",HigherEducation=yes,0.25063291139240507,0.99,1.0428
"Failures=0, Romantic=no",School=GP,0.5037974683544304,0.9212962962962963,1.0427278998195904
"FamilySupport=yes, Result=Pass",Romantic=no,0.2759493670886076,0.694267515923567,1.0427211741057374
"Activities=no, G2Level=Medium",SchoolSupport=no,0.2,0.9080459770114943,1.0426690724405239
"Address=U, SchoolSupport=no",School=GP,0.620253164556962,0.9210526315789472,1.0424521188357712
School=GP,"Address=U, SchoolSupport=no",0.620253164556962,0.7020057306590257,1.0424521188357712
"FamilySupport=no, HigherEducation=yes",SchoolSupport=no,0.3240506329113924,0.9078014184397163,1.0423882566386278
"G2Level=Medium, Sex=F",HigherEducation=yes,0.24050632911392406,0.9895833333333334,1.0423611111111113
"Activities=yes, FamilySupport=yes",Result=Pass,0.21772151898734177,0.6991869918699187,1.042184384107992
"Address=U, Sex=F",Failures=0,0.34177215189873417,0.823170731707317,1.042155253283302
"AgeGroup=<=16, StudyTime=2-5 hrs",HigherEducation=yes,0.23037974683544304,0.9891304347826088,1.0418840579710147
"Failures=0, G1Level=Low",School=GP,0.20506329113924052,0.9204545454545455,1.0417752018754884
"Activities=no, Sex=F",FamilySize=GT3,0.21012658227848102,0.7410714285714286,1.0417196237925777
Activities=yes,School=GP,0.46835443037974683,0.9203980099502487,1.0417112147001382
"Address=U, Romantic=no",Internet=yes,0.4481012658227848,0.8676470588235294,1.0417039156087968
"FamilySupport=yes, SchoolSupport=no",Internet=yes,0.4481012658227848,0.8676470588235294,1.0417039156087968
"Failures=0, FamilySize=LE3",HigherEducation=yes,0.22531645569620254,0.9888888888888889,1.0416296296296297
"FamilySupport=yes, HigherEducation=yes",Internet=yes,0.5139240506329114,0.8675213675213674,1.0415530096381158
"School=GP, Sex=M",Internet=yes,0.36455696202531646,0.8674698795180722,1.0414911927344637
"Internet=yes, StudyTime=<2 hrs",SchoolSupport=no,0.19746835443037974,0.9069767441860466,1.0414413196322336
"Absences=Low, Sex=M",SchoolSupport=no,0.19746835443037974,0.9069767441860466,1.0414413196322336
"Activities=yes, Address=U",Failures=0,0.31645569620253167,0.8223684210526316,1.0411395074224024
Activities=no,"Address=U, SchoolSupport=no",0.34430379746835443,0.7010309278350515,1.0410045732888922
"Absences=Low, FamilySize=GT3",Failures=0,0.2810126582278481,0.8222222222222223,1.040954415954416
"Absences=Medium, FamilySupport=yes",HigherEducation=yes,0.21265822784810126,0.988235294117647,1.0409411764705883
FamilySupport=yes,"Failures=0, Internet=yes",0.4278481012658228,0.6983471074380165,1.0409324808981755
"Failures=0, Romantic=yes",SchoolSupport=no,0.22025316455696203,0.9062500000000001,1.040606831395349
"Absences=Low, StudyTime=2-5 hrs",SchoolSupport=no,0.22025316455696203,0.9062500000000001,1.040606831395349
"Activities=yes, Sex=M",Internet=yes,0.23037974683544304,0.8666666666666668,1.0405268490374875
"Address=U, Sex=F",HigherEducation=yes,0.41012658227848103,0.9878048780487806,1.040487804878049
"Internet=yes, StudyTime=2-5 hrs",School=GP,0.37468354430379747,0.9192546583850931,1.040417163501753
Result=Pass,"School=GP, SchoolSupport=no",0.5265822784810127,0.7849056603773585,1.0403950867418008
"School=GP, SchoolSupport=no",Result=Pass,0.5265822784810127,0.697986577181208,1.0403950867418006
"Absences=Medium, Activities=yes",HigherEducation=yes,0.20253164556962025,0.9876543209876543,1.0403292181069959
Absences=Low,"Failures=0, HigherEducation=yes",0.3721518987341772,0.8032786885245901,1.0403117441547969
"Failures=0, Result=Pass",SchoolSupport=no,0.5367088607594936,0.9059829059829059,1.0403001391373483
Sex=M,"Address=U, SchoolSupport=no",0.33164556962025316,0.7005347593582887,1.0402677817538497
"AgeGroup=<=16, Internet=yes",HigherEducation=yes,0.40253164556962023,0.9875776397515528,1.040248447204969
"Absences=Low, Failures=0",FamilySize=GT3,0.2810126582278481,0.74,1.0402135231316725
"Address=U, FamilySize=GT3",Failures=0,0.4430379746835443,0.8215962441314554,1.040161911640785
G2Level=Medium,"HigherEducation=yes, Internet=yes",0.379746835443038,0.8241758241758242,1.0400940912123022
"AgeGroup=<=16, Failures=0",HigherEducation=yes,0.39746835443037976,0.9874213836477989,1.040083857442348
"FamilySupport=yes, Result=Pass",Internet=yes,0.34430379746835443,0.8662420382165605,1.0400170367645636
"FamilySupport=yes, School=GP",Failures=0,0.46582278481012657,0.8214285714285714,1.0399496336996337
"FamilySupport=yes, School=GP",Internet=yes,0.4911392405063291,0.8660714285714286,1.0398122014763354
Failures=0,Romantic=no,0.5468354430379747,0.6923076923076924,1.0397777127815153
Romantic=no,Failures=0,0.5468354430379747,0.8212927756653993,1.039777712781515
"FamilySize=GT3, G1Level=Low",Romantic=no,0.18227848101265823,0.6923076923076923,1.039777712781515
"Activities=no, FamilySupport=yes",FamilySize=GT3,0.22278481012658227,0.7394957983193278,1.0395047698794821
"Activities=yes, Address=U",HigherEducation=yes,0.379746835443038,0.986842105263158,1.0394736842105265
"Activities=no, AgeGroup=17-18",Failures=0,0.19746835443037974,0.8210526315789474,1.0394736842105263
"Internet=yes, Romantic=yes",SchoolSupport=no,0.26582278481012656,0.9051724137931033,1.0393694867682437
AgeGroup=<=16,Internet=yes,0.40759493670886077,0.8655913978494624,1.0392358727979867
"AgeGroup=<=16, School=GP",Internet=yes,0.40759493670886077,0.8655913978494624,1.0392358727979867
"AgeGroup=<=16, Internet=yes",FamilySize=GT3,0.3012658227848101,0.7391304347826086,1.0389911805663004
"FamilySize=LE3, Romantic=no",HigherEducation=yes,0.18227848101265823,0.9863013698630136,1.038904109589041
StudyTime=<2 hrs,SchoolSupport=no,0.24050632911392406,0.9047619047619049,1.0388981173864897
"Activities=yes, Romantic=no",Result=Pass,0.23291139240506328,0.6969696969696969,1.0388793596340764
G1Level=Medium,"Address=U, Internet=yes",0.3367088607594937,0.7074468085106383,1.0388159455825359
"AgeGroup=<=16, G2Level=Medium",Internet=yes,0.1949367088607595,0.8651685393258427,1.03872818551279
FamilySupport=yes,"Address=U, School=GP",0.4607594936708861,0.7520661157024793,1.0386927122464311
"School=GP, Sex=M",Address=U,0.3392405063291139,0.8072289156626505,1.0386170087516187
"FamilySupport=yes, Result=Pass",FamilySize=GT3,0.2936708860759494,0.7388535031847134,1.038601899494526
"Activities=yes, FamilySize=GT3",HigherEducation=yes,0.3569620253164557,0.986013986013986,1.0386013986013987
"G2Level=Medium, Romantic=no",School=GP,0.2810126582278481,0.9173553719008264,1.0382675412631128
"AgeGroup=<=16, Romantic=no",HigherEducation=yes,0.3468354430379747,0.985611510791367,1.0381774580335732
"Absences=Low, Address=U",School=GP,0.3367088607594937,0.9172413793103449,1.0381385238612786
"AgeGroup=<=16, Result=Pass",HigherEducation=yes,0.34430379746835443,0.9855072463768116,1.0380676328502416
Result=Fail,FamilySize=GT3,0.2430379746835443,0.7384615384615385,1.0380509170544758
"FamilySize=GT3, Sex=M",SchoolSupport=no,0.28607594936708863,0.904,1.0380232558139535
"Failures=0, G2Level=Medium",Internet=yes,0.3392405063291139,0.864516129032258,1.037944896558486
"Activities=no, Address=U",Internet=yes,0.3392405063291139,0.864516129032258,1.037944896558486
"Activities=yes, SchoolSupport=no",Failures=0,0.3569620253164557,0.8197674418604651,1.0378466010733454
"SchoolSupport=no, Sex=F",Failures=0,0.3569620253164557,0.8197674418604651,1.0378466010733454
Activities=yes,"FamilySize=GT3, HigherEducation=yes",0.3569620253164557,0.7014925373134328,1.0377885851640671
"Absences=Low, Internet=yes",FamilySize=GT3,0.27848101265822783,0.7382550335570469,1.03776063435955
Absences=Low,Failures=0,0.379746835443038,0.819672131147541,1.0377259352669188
"Failures=0, G2Level=Medium",Address=U,0.31645569620253167,0.8064516129032259,1.0376168960806977
"Failures=0, Sex=F",FamilySize=GT3,0.3139240506329114,0.7380952380952381,1.0375360108456195
"Failures=0, Sex=M",School=GP,0.3341772151898734,0.9166666666666666,1.0374880611270294
Activities=yes,"Failures=0, HigherEducation=yes",0.40759493670886077,0.8009950248756218,1.037354212543838
"HigherEducation=yes, StudyTime=<2 hrs",SchoolSupport=no,0.21265822784810126,0.9032258064516129,1.0371342835708928
"Address=U, Sex=F",FamilySize=GT3,0.30632911392405066,0.7378048780487806,1.0371278534849406
Result=Pass,"HigherEducation=yes, School=GP",0.5848101265822785,0.8716981132075472,1.0371107069788588
"HigherEducation=yes, School=GP",Result=Pass,0.5848101265822785,0.6957831325301205,1.0371107069788588
G2Level=Medium,"Address=U, HigherEducation=yes",0.35443037974683544,0.7692307692307692,1.0370175899186138
Absences=Low,FamilySize=GT3,0.34177215189873417,0.7377049180327868,1.0369873402951986
FamilySupport=yes,Internet=yes,0.529113924050633,0.8636363636363636,1.036888643271622
"Failures=0, G2Level=Medium",Romantic=no,0.2708860759493671,0.6903225806451613,1.0367962713111738
"Address=U, Romantic=yes",SchoolSupport=no,0.23544303797468355,0.9029126213592233,1.036774666967713
"Absences=Low, FamilySupport=yes",Romantic=no,0.19746835443037974,0.6902654867256637,1.036710521888354
"Absences=Medium, School=GP",HigherEducation=yes,0.3139240506329114,0.9841269841269842,1.0366137566137568
"G2Level=Medium, School=GP",Internet=yes,0.3518987341772152,0.8633540372670807,1.0365496800015104
"HigherEducation=yes, Sex=M",Failures=0,0.35443037974683544,0.8187134502923977,1.036512220722747
"AgeGroup=17-18, SchoolSupport=no",Failures=0,0.35443037974683544,0.8187134502923977,1.036512220722747
"Activities=yes, G2Level=Medium",School=GP,0.22025316455696203,0.9157894736842105,1.036495249585281
"FamilySize=GT3, School=GP",Address=U,0.5139240506329114,0.8055555555555556,1.0364639884183857
Address=U,"FamilySize=GT3, School=GP",0.5139240506329114,0.6612377850162866,1.0364639884183857
"Failures=0, Result=Pass",Internet=yes,0.5113924050632911,0.8632478632478631,1.0364222066349724
"Address=U, Failures=0",HigherEducation=yes,0.620253164556962,0.9839357429718875,1.0364123159303882
HigherEducation=yes,"Address=U, Failures=0",0.620253164556962,0.6533333333333333,1.0364123159303882
"FamilySupport=yes, SchoolSupport=no",Failures=0,0.42278481012658226,0.8186274509803921,1.0364033433886375
"G1Level=Low, G2Level=Low",FamilySize=GT3,0.22025316455696203,0.7372881355932204,1.0364014717413597
"G1Level=Medium, Romantic=no",FamilySize=GT3,0.22025316455696203,0.7372881355932204,1.0364014717413597
AgeGroup=<=16,HigherEducation=yes,0.46329113924050636,0.9838709677419355,1.0363440860215054
"AgeGroup=<=16, School=GP",HigherEducation=yes,0.46329113924050636,0.9838709677419355,1.0363440860215054
"AgeGroup=<=16, FamilySupport=yes",HigherEducation=yes,0.30886075949367087,0.9838709677419354,1.0363440860215054
"Absences=Medium, Failures=0",HigherEducation=yes,0.30632911392405066,0.9837398373983741,1.036205962059621
"Internet=yes, Romantic=no",School=GP,0.4936708860759494,0.915492957746479,1.036159651317648
"Romantic=yes, School=GP",Address=U,0.23037974683544304,0.8053097345132743,1.0361477040154505
"Activities=yes, Romantic=no",Failures=0,0.27341772151898736,0.8181818181818182,1.0358391608391608
FamilySupport=yes,"Address=U, Failures=0",0.4,0.652892561983471,1.0357131003352251
"FamilySize=GT3, FamilySupport=yes",Internet=yes,0.39746835443037976,0.8626373626373627,1.0356892347773807
"FamilySize=GT3, Romantic=no",Result=Pass,0.3341772151898734,0.6947368421052632,1.0355511420059584
"G2Level=Medium, School=GP",Romantic=no,0.2810126582278481,0.6894409937888198,1.0354722150060223
AgeGroup=<=16,FamilySize=GT3,0.3468354430379747,0.7365591397849462,1.0353767267439635
"AgeGroup=<=16, School=GP",FamilySize=GT3,0.3468354430379747,0.7365591397849462,1.0353767267439635
"Failures=0, Result=Pass",HigherEducation=yes,0.5822784810126582,0.9829059829059829,1.0353276353276353
"G1Level=Low, HigherEducation=yes",FamilySize=GT3,0.24050632911392406,0.7364341085271318,1.0352009710612706
"FamilySize=GT3, Internet=yes",School=GP,0.5417721518987342,0.9145299145299145,1.0350696740381553
"AgeGroup=17-18, Internet=yes",Failures=0,0.30632911392405066,0.8175675675675677,1.0350615038115039
"Failures=0, FamilySize=GT3",School=GP,0.5139240506329114,0.9144144144144144,1.0349389504117297
"Activities=yes, Internet=yes",HigherEducation=yes,0.4253164556962025,0.9824561403508772,1.0348538011695907
"G1Level=Medium, Result=Pass",SchoolSupport=no,0.369620253164557,0.9012345679012346,1.0348478323284525
"Activities=no, School=GP",Romantic=no,0.28607594936708863,0.6890243902439025,1.0348465176666977
"Internet=yes, Sex=F",HigherEducation=yes,0.42278481012658226,0.9823529411764705,1.0347450980392157
G1Level=Medium,"Address=U, SchoolSupport=no",0.33164556962025316,0.6968085106382979,1.0347344424892015
"AgeGroup=17-18, FamilySupport=yes",Failures=0,0.21518987341772153,0.8173076923076923,1.0347324950690335
"Failures=0, FamilySupport=yes",FamilySize=GT3,0.3670886075949367,0.7360406091370558,1.0346478313492422
"FamilySupport=yes, StudyTime=2-5 hrs",School=GP,0.29620253164556964,0.9140625000000001,1.0345406518624642
"Failures=0, Sex=F",HigherEducation=yes,0.4177215189873418,0.9821428571428572,1.0345238095238096
"HigherEducation=yes, Romantic=yes",SchoolSupport=no,0.2759493670886076,0.9008264462809917,1.0343792043052085
"Activities=yes, HigherEducation=yes",Internet=yes,0.4253164556962025,0.8615384615384615,1.034369885433715
Absences=Low,Romantic=no,0.3189873417721519,0.6885245901639343,1.0340958673564793
AgeGroup=17-18,Failures=0,0.3721518987341772,0.8166666666666667,1.0339209401709402
"Result=Pass, Romantic=no",School=GP,0.4278481012658228,0.9135135135135135,1.0339193061256098
"Failures=0, Sex=F",Address=U,0.34177215189873417,0.8035714285714286,1.0339111214518382
"Absences=Medium, Result=Pass",HigherEducation=yes,0.2683544303797468,0.9814814814814814,1.0338271604938272
"AgeGroup=<=16, FamilySupport=yes",Result=Pass,0.21772151898734177,0.6935483870967741,1.0337796713329275
"Failures=0, Result=Pass",Address=U,0.4759493670886076,0.8034188034188033,1.0337147470697958
"Address=U, AgeGroup=<=16",HigherEducation=yes,0.39746835443037976,0.9812500000000001,1.0335833333333335
"FamilySupport=yes, Romantic=no",HigherEducation=yes,0.39746835443037976,0.9812500000000001,1.0335833333333335
Absences=Medium,"FamilySize=GT3, HigherEducation=yes",0.2582278481012658,0.6986301369863013,1.0335539479759888
"Failures=0, HigherEducation=yes",Address=U,0.620253164556962,0.8032786885245902,1.0335344689485768
Address=U,"Failures=0, HigherEducation=yes",0.620253164556962,0.7980456026058631,1.0335344689485768
AgeGroup=<=16,"School=GP, SchoolSupport=no",0.3670886075949367,0.7795698924731183,1.0333225084794688
"FamilySupport=no, HigherEducation=yes",Romantic=no,0.24556962025316456,0.6879432624113475,1.0332227705417576
"Result=Pass, Sex=M",Address=U,0.2683544303797468,0.803030303030303,1.0332148850064158
"G2Level=Medium, Sex=M",Internet=yes,0.18734177215189873,0.8604651162790697,1.0330812186329257
Sex=F,HigherEducation=yes,0.5164556962025316,0.9807692307692306,1.033076923076923
"Absences=Medium, FamilySize=GT3",HigherEducation=yes,0.2582278481012658,0.9807692307692306,1.033076923076923
"Result=Pass, SchoolSupport=no",Romantic=no,0.41265822784810124,0.6877637130801688,1.0329531051964513
"Activities=yes, StudyTime=2-5 hrs",HigherEducation=yes,0.25569620253164554,0.9805825242718446,1.0328802588996764
"Failures=0, SchoolSupport=no",Internet=yes,0.5924050632911393,0.8602941176470589,1.0328759163239765
"Activities=yes, Result=Pass",Internet=yes,0.29620253164556964,0.8602941176470589,1.0328759163239765
Internet=yes,"Failures=0, SchoolSupport=no",0.5924050632911393,0.7112462006079028,1.0328759163239765
FamilySupport=yes,"Failures=0, HigherEducation=yes",0.48860759493670886,0.7975206611570247,1.0328546267443435
"FamilySize=GT3, Romantic=no",Failures=0,0.3924050632911392,0.8157894736842105,1.0328103913630229
"Result=Pass, School=GP",Internet=yes,0.5139240506329114,0.8601694915254238,1.032726289217454
"Absences=Medium, Romantic=no",HigherEducation=yes,0.25316455696202533,0.9803921568627452,1.0326797385620916
G1Level=Medium,"Address=U, HigherEducation=yes",0.36455696202531646,0.7659574468085106,1.0326047491104495
"FamilySupport=yes, G2Level=Medium",FamilySize=GT3,0.21012658227848102,0.7345132743362831,1.0325008660598998
"G1Level=Medium, Result=Pass",Address=U,0.3291139240506329,0.802469135802469,1.0324928620259781
"AgeGroup=17-18, Sex=F",HigherEducation=yes,0.25063291139240507,0.9801980198019803,1.0324752475247527
Failures=0,"HigherEducation=yes, SchoolSupport=no",0.6708860759493671,0.8493589743589745,1.0322978303747534
"HigherEducation=yes, SchoolSupport=no",Failures=0,0.6708860759493671,0.8153846153846154,1.0322978303747534
"Absences=Low, Failures=0",HigherEducation=yes,0.3721518987341772,0.9799999999999999,1.0322666666666667
"Failures=0, G1Level=Medium",Internet=yes,0.3569620253164557,0.8597560975609757,1.0322299651567945
"Internet=yes, SchoolSupport=no",Failures=0,0.5924050632911393,0.8153310104529617,1.0322299651567945
Failures=0,"Internet=yes, SchoolSupport=no",0.5924050632911393,0.7500000000000001,1.0322299651567945
"Activities=no, FamilySupport=yes",Failures=0,0.24556962025316456,0.8151260504201681,1.0319704804998924
"Failures=0, FamilySupport=yes",HigherEducation=yes,0.48860759493670886,0.9796954314720813,1.0319458544839257
"FamilySupport=yes, SchoolSupport=no",School=GP,0.4708860759493671,0.911764705882353,1.0319399966290241
"Failures=0, FamilySupport=yes",Address=U,0.4,0.802030456852792,1.0319284379702045
"Activities=yes, School=GP",Internet=yes,0.40253164556962023,0.8594594594594595,1.0318738191078616
"G1Level=Medium, Sex=F",HigherEducation=yes,0.2430379746835443,0.9795918367346939,1.0318367346938775
"Absences=Low, Sex=F",HigherEducation=yes,0.24050632911392406,0.979381443298969,1.0316151202749142
Sex=M,"HigherEducation=yes, Result=Pass",0.3189873417721519,0.6737967914438502,1.031588110931476
"AgeGroup=17-18, Romantic=no",Failures=0,0.22278481012658227,0.8148148148148148,1.031576448243115
"AgeGroup=<=16, SchoolSupport=no",HigherEducation=yes,0.3594936708860759,0.979310344827586,1.0315402298850573
"G1Level=Medium, Internet=yes",School=GP,0.36455696202531646,0.9113924050632911,1.0315186246418337
"HigherEducation=yes, Romantic=yes",Address=U,0.24556962025316456,0.8016528925619835,1.031442646781705
Romantic=no,"HigherEducation=yes, School=GP",0.5772151898734177,0.8669201520912547,1.0314260845664025
Romantic=no,"Address=U, Failures=0",0.43291139240506327,0.6501901140684411,1.0314260845664025
"HigherEducation=yes, School=GP",Romantic=no,0.5772151898734177,0.6867469879518071,1.0314260845664023
"Address=U, Failures=0",Romantic=no,0.43291139240506327,0.6867469879518071,1.0314260845664023
"Address=U, School=GP",Failures=0,0.589873417721519,0.8146853146853148,1.0314124977586518
Failures=0,"Address=U, School=GP",0.589873417721519,0.7467948717948718,1.0314124977586516
"Activities=no, Romantic=no",Address=U,0.26582278481012656,0.8015267175572518,1.031280304348907
"Activities=yes, SchoolSupport=no",Result=Pass,0.3012658227848101,0.6918604651162791,1.0312637121544537
"FamilySupport=yes, Result=Fail",Internet=yes,0.1848101265822785,0.8588235294117648,1.0311103164670123
"FamilySupport=yes, Sex=F",HigherEducation=yes,0.3518987341772152,0.9788732394366197,1.0310798122065727
"Result=Pass, School=GP",HigherEducation=yes,0.5848101265822785,0.978813559322034,1.0310169491525425
"Address=U, FamilySize=LE3",HigherEducation=yes,0.23291139240506328,0.9787234042553191,1.030921985815603
"Internet=yes, Result=Pass",SchoolSupport=no,0.5113924050632911,0.8977777777777777,1.030878552971576
StudyTime=2-5 hrs,"Address=U, Internet=yes",0.3518987341772152,0.702020202020202,1.0308475085426758
"Activities=yes, AgeGroup=<=16",FamilySize=GT3,0.1949367088607595,0.7333333333333335,1.0308422301304865
"Absences=Low, HigherEducation=yes",Address=U,0.3468354430379747,0.801169590643275,1.0308208088081225
"Failures=0, School=GP",HigherEducation=yes,0.6936708860759494,0.9785714285714286,1.030761904761905
HigherEducation=yes,"Failures=0, School=GP",0.6936708860759494,0.7306666666666667,1.0307619047619048
G2Level=Low,"FamilySize=GT3, School=GP",0.2430379746835443,0.6575342465753424,1.030658838878017
FamilySupport=yes,Failures=0,0.49873417721518987,0.8140495867768595,1.0306076499258316
"Activities=yes, School=GP",HigherEducation=yes,0.4582278481012658,0.9783783783783784,1.0305585585585586
"Address=U, FamilySupport=no",SchoolSupport=no,0.26582278481012656,0.8974358974358972,1.0304859868813356
"FamilySize=GT3, G2Level=Medium",Internet=yes,0.2759493670886076,0.8582677165354332,1.0304430031352465
"School=GP, Sex=F",HigherEducation=yes,0.4531645569620253,0.9781420765027321,1.030309653916211
"AgeGroup=<=16, FamilySize=GT3",HigherEducation=yes,0.3392405063291139,0.9781021897810218,1.0302676399026764
"G1Level=Medium, Result=Pass",Internet=yes,0.3518987341772152,0.8580246913580246,1.030151225186686
"Failures=0, FamilySupport=yes",Internet=yes,0.4278481012658228,0.8578680203045685,1.0299631246817769
"AgeGroup=<=16, G1Level=Medium",HigherEducation=yes,0.22278481012658227,0.9777777777777777,1.029925925925926
"Internet=yes, Result=Pass",HigherEducation=yes,0.5569620253164557,0.9777777777777776,1.029925925925926
AgeGroup=<=16,"Address=U, SchoolSupport=no",0.3265822784810127,0.6935483870967742,1.0298932815910744
Failures=0,HigherEducation=yes,0.7721518987341772,0.9775641025641025,1.0297008547008548
HigherEducation=yes,Failures=0,0.7721518987341772,0.8133333333333334,1.0297008547008548
"AgeGroup=<=16, G2Level=Medium",HigherEducation=yes,0.22025316455696203,0.9775280898876405,1.0296629213483146
G1Level=Low,FamilySize=GT3,0.26329113924050634,0.7323943661971832,1.0295223297077842
"Address=U, FamilySize=GT3",Romantic=no,0.369620253164557,0.6854460093896714,1.0294721433799248
"Absences=Low, Address=U",SchoolSupport=no,0.3291139240506329,0.8965517241379309,1.0294707297514032
"Activities=yes, Romantic=no",HigherEducation=yes,0.3265822784810127,0.9772727272727273,1.0293939393939395
"Failures=0, G1Level=Low",HigherEducation=yes,0.21772151898734177,0.9772727272727273,1.0293939393939395
Activities=yes,"FamilySize=GT3, School=GP",0.3341772151898734,0.6567164179104477,1.0293769248993128
"G1Level=Low, School=GP",Address=U,0.25316455696202533,0.8,1.0293159609120521
"AgeGroup=<=16, HigherEducation=yes",FamilySize=GT3,0.3392405063291139,0.7322404371584699,1.0293059525893082
"Activities=yes, FamilySupport=yes",Failures=0,0.25316455696202533,0.8130081300813009,1.0292891390452368
"Activities=yes, FamilySize=GT3",Romantic=no,0.2481012658227848,0.6853146853146853,1.0292749076019039
"Failures=0, Sex=F",Result=Pass,0.2936708860759494,0.6904761904761905,1.0292003593890386
"Failures=0, School=GP",Internet=yes,0.6075949367088608,0.8571428571428572,1.0290924880590535
"Absences=Medium, SchoolSupport=no",Internet=yes,0.27341772151898736,0.8571428571428572,1.0290924880590535
Internet=yes,"Failures=0, School=GP",0.6075949367088608,0.729483282674772,1.0290924880590533
"Result=Pass, Sex=M",School=GP,0.3037974683544304,0.9090909090909091,1.028913779630112
AgeGroup=17-18,"Failures=0, HigherEducation=yes",0.3620253164556962,0.7944444444444444,1.0288706739526412
"FamilySize=GT3, G2Level=Medium",Romantic=no,0.22025316455696203,0.6850393700787402,1.02886141133499
"SchoolSupport=no, Sex=F",HigherEducation=yes,0.4253164556962025,0.9767441860465116,1.0288372093023257
"FamilySupport=no, School=GP",SchoolSupport=no,0.28354430379746837,0.896,1.0288372093023257
"Activities=no, Result=Pass",HigherEducation=yes,0.3189873417721519,0.9767441860465115,1.0288372093023255
Activities=yes,"School=GP, SchoolSupport=no",0.3949367088607595,0.7761194029850745,1.0287488730842431
Sex=M,"Address=U, Internet=yes",0.33164556962025316,0.7005347593582887,1.0286662823290857
"FamilySupport=yes, StudyTime=2-5 hrs",HigherEducation=yes,0.31645569620253167,0.9765625,1.0286458333333335
"Result=Pass, StudyTime=2-5 hrs",HigherEducation=yes,0.31645569620253167,0.9765625,1.0286458333333335
"G1Level=Medium, G2Level=Medium",SchoolSupport=no,0.3265822784810127,0.8958333333333334,1.0286458333333335
"Absences=Low, HigherEducation=yes",Result=Pass,0.29873417721518986,0.6900584795321637,1.0285777336422817
"Activities=no, School=GP",FamilySize=GT3,0.3037974683544304,0.7317073170731707,1.0285565489106847
"Absences=Low, G1Level=Medium",HigherEducation=yes,0.21012658227848102,0.9764705882352941,1.028549019607843
"Address=U, Result=Pass",HigherEducation=yes,0.5189873417721519,0.9761904761904763,1.0282539682539684
"Absences=Medium, Result=Pass",FamilySize=GT3,0.2,0.7314814814814815,1.0282390931857124
"FamilySize=GT3, Internet=yes",Address=U,0.47341772151898737,0.7991452991452991,1.028216264372616
"HigherEducation=yes, Result=Pass",SchoolSupport=no,0.5848101265822785,0.8953488372093023,1.0280895078420766
SchoolSupport=no,"HigherEducation=yes, Result=Pass",0.5848101265822785,0.6715116279069767,1.0280895078420766
Activities=no,Address=U,0.3924050632911392,0.7989690721649484,1.027989522818093
"Absences=Low, Address=U",Result=Pass,0.25316455696202533,0.6896551724137931,1.0279765777488614
"Internet=yes, Result=Pass",Romantic=no,0.389873417721519,0.6844444444444444,1.0279678918462187
"FamilySupport=yes, Romantic=no",FamilySize=GT3,0.29620253164556964,0.7312500000000001,1.0279137010676158
G1Level=Medium,"HigherEducation=yes, SchoolSupport=no",0.40253164556962023,0.8457446808510638,1.0279050736497544
"FamilySize=GT3, Result=Pass",School=GP,0.4253164556962025,0.908108108108108,1.0278014404088902
"Failures=0, G1Level=Medium",Address=U,0.33164556962025316,0.7987804878048781,1.0277468817033448
Romantic=yes,"Internet=yes, School=GP",0.2582278481012658,0.7727272727272727,1.0277012549739821
"Activities=yes, FamilySupport=yes",HigherEducation=yes,0.3037974683544304,0.9756097560975611,1.0276422764227644
"G1Level=Low, Sex=F",HigherEducation=yes,0.20253164556962025,0.975609756097561,1.0276422764227642
"AgeGroup=<=16, SchoolSupport=no",FamilySize=GT3,0.2683544303797468,0.7310344827586206,1.0276107497852496
"Absences=Low, Address=U",FamilySize=GT3,0.2683544303797468,0.7310344827586206,1.0276107497852496
"Address=U, StudyTime=2-5 hrs",HigherEducation=yes,0.40253164556962023,0.9754601226993865,1.0274846625766871
StudyTime=2-5 hrs,"Address=U, SchoolSupport=no",0.3468354430379747,0.6919191919191919,1.0274739880003037
"AgeGroup=17-18, FamilySupport=yes",Internet=yes,0.22531645569620254,0.8557692307692307,1.0274433013794715
"School=GP, SchoolSupport=no",Internet=yes,0.6455696202531646,0.8557046979865771,1.0273658228106322
Internet=yes,"School=GP, SchoolSupport=no",0.6455696202531646,0.7750759878419453,1.0273658228106322
"AgeGroup=17-18, FamilySize=GT3",Failures=0,0.25063291139240507,0.8114754098360656,1.0273486759142496
Sex=F,"Failures=0, HigherEducation=yes",0.4177215189873418,0.7932692307692307,1.0273486759142496
"Activities=no, AgeGroup=<=16",HigherEducation=yes,0.2,0.9753086419753086,1.0273251028806585
"FamilySize=LE3, School=GP",Internet=yes,0.21012658227848102,0.8556701030927836,1.0273242879077493
"AgeGroup=17-18, FamilySupport=yes",FamilySize=GT3,0.19240506329113924,0.7307692307692307,1.0272378866684915
"G1Level=Low, Result=Fail",FamilySize=GT3,0.19240506329113924,0.7307692307692307,1.0272378866684915
"Absences=Low, Result=Pass",HigherEducation=yes,0.29873417721518986,0.9752066115702478,1.0272176308539944
"G1Level=Medium, Sex=M",Internet=yes,0.1949367088607595,0.8555555555555556,1.0271867612293144
"G2Level=Medium, School=GP",HigherEducation=yes,0.39746835443037976,0.9751552795031055,1.0271635610766046
Absences=Low,"Address=U, Internet=yes",0.3240506329113924,0.6994535519125683,1.0270786357080464
G1Level=Medium,"HigherEducation=yes, Internet=yes",0.38734177215189874,0.8138297872340426,1.0270375909183604
"Result=Pass, Romantic=yes",HigherEducation=yes,0.19746835443037974,0.975,1.0270000000000001
"FamilySize=LE3, Result=Pass",HigherEducation=yes,0.19746835443037974,0.975,1.0270000000000001
"AgeGroup=17-18, School=GP",Failures=0,0.2936708860759494,0.8111888111888113,1.0269858346781424
"Activities=yes, FamilySize=GT3",Failures=0,0.2936708860759494,0.8111888111888113,1.0269858346781424
Result=Pass,SchoolSupport=no,0.6,0.8943396226415093,1.026930671347082
SchoolSupport=no,Result=Pass,0.6,0.688953488372093,1.026930671347082
Address=U,Failures=0,0.6303797468354431,0.8110749185667753,1.0268416436983212
Failures=0,Address=U,0.6303797468354431,0.7980769230769231,1.0268416436983212
Absences=Low,"FamilySize=GT3, HigherEducation=yes",0.32151898734177214,0.6939890710382514,1.0266879515359897
"Result=Pass, SchoolSupport=no",HigherEducation=yes,0.5848101265822785,0.9746835443037976,1.0266666666666668
"Failures=0, StudyTime=2-5 hrs",HigherEducation=yes,0.389873417721519,0.9746835443037974,1.0266666666666666
G1Level=Low,"FamilySize=GT3, School=GP",0.23544303797468355,0.6549295774647887,1.0265761234071094
"Activities=yes, SchoolSupport=no",School=GP,0.3949367088607595,0.9069767441860466,1.0265209568867861
"Romantic=no, Sex=F",School=GP,0.29620253164556964,0.9069767441860466,1.0265209568867861
"Activities=yes, School=GP",Failures=0,0.379746835443038,0.8108108108108109,1.0265072765072765
"FamilySupport=yes, Result=Pass",HigherEducation=yes,0.38734177215189874,0.9745222929936306,1.0264968152866243
G2Level=Medium,"HigherEducation=yes, School=GP",0.39746835443037976,0.8626373626373627,1.0263305971137298
"FamilySize=GT3, Sex=F",HigherEducation=yes,0.3848101265822785,0.9743589743589743,1.0263247863247864
"Romantic=yes, School=GP",SchoolSupport=no,0.25569620253164554,0.8938053097345131,1.0263171434451532
Absences=Low,"Failures=0, Internet=yes",0.3189873417721519,0.6885245901639343,1.0262913702443548
"Failures=0, SchoolSupport=no",HigherEducation=yes,0.6708860759493671,0.9742647058823529,1.0262254901960786
HigherEducation=yes,"Failures=0, SchoolSupport=no",0.6708860759493671,0.7066666666666668,1.0262254901960786
"Failures=0, G2Level=Medium",HigherEducation=yes,0.3822784810126582,0.9741935483870968,1.0261505376344087
"HigherEducation=yes, StudyTime=2-5 hrs",Failures=0,0.389873417721519,0.8105263157894738,1.0261470985155197
"G2Level=Medium, Internet=yes",HigherEducation=yes,0.379746835443038,0.974025974025974,1.025974025974026
"Absences=Low, G2Level=Medium",HigherEducation=yes,0.189873417721519,0.974025974025974,1.025974025974026
G1Level=Low,Romantic=no,0.24556962025316456,0.6830985915492959,1.0259465538478019
"Failures=0, FamilySupport=no",HigherEducation=yes,0.28354430379746837,0.9739130434782609,1.0258550724637683
"G2Level=Medium, SchoolSupport=no",Internet=yes,0.34177215189873417,0.8544303797468353,1.025835866261398
"Activities=yes, StudyTime=2-5 hrs",Internet=yes,0.22278481012658227,0.8543689320388349,1.0257620916575678
"FamilySupport=no, Romantic=no",SchoolSupport=no,0.23291139240506328,0.8932038834951456,1.0256265522691352
"FamilySupport=yes, G1Level=Medium",HigherEducation=yes,0.2810126582278481,0.9736842105263158,1.0256140350877194
"G1Level=Medium, G2Level=Medium",Internet=yes,0.31139240506329113,0.8541666666666666,1.0255192502532928
Result=Pass,HigherEducation=yes,0.6531645569620254,0.9735849056603774,1.0255094339622641
"Failures=0, Internet=yes",HigherEducation=yes,0.6531645569620254,0.9735849056603774,1.0255094339622641
HigherEducation=yes,Result=Pass,0.6531645569620254,0.6880000000000001,1.0255094339622641
HigherEducation=yes,"Failures=0, Internet=yes",0.6531645569620254,0.6880000000000001,1.0255094339622641
"Absences=Low, Internet=yes",School=GP,0.34177215189873417,0.9060402684563758,1.0254610488259839
"Absences=Low, Address=U",Romantic=no,0.25063291139240507,0.6827586206896552,1.025435951225908
"FamilySupport=yes, G2Level=Medium",HigherEducation=yes,0.27848101265822783,0.9734513274336282,1.0253687315634217
"Sex=M, StudyTime=2-5 hrs",School=GP,0.1949367088607595,0.9058823529411765,1.0252823192314175
Absences=Low,"Failures=0, School=GP",0.3367088607594937,0.726775956284153,1.025273224043716
"Address=U, StudyTime=2-5 hrs",Failures=0,0.3341772151898734,0.8098159509202455,1.0252477583765929
"Absences=Medium, G2Level=Medium",HigherEducation=yes,0.1848101265822785,0.9733333333333334,1.0252444444444446
Romantic=no,"FamilySize=GT3, School=GP",0.43544303797468353,0.6539923954372624,1.025107127768725
"FamilySize=GT3, School=GP",Romantic=no,0.43544303797468353,0.6825396825396826,1.0251071277687247
"Absences=Medium, SchoolSupport=no",Romantic=no,0.21772151898734177,0.6825396825396826,1.0251071277687247
"HigherEducation=yes, Sex=M",Internet=yes,0.369620253164557,0.8538011695906433,1.0250804315753925
"Failures=0, Internet=yes",School=GP,0.6075949367088608,0.9056603773584906,1.0250310861220737
"Internet=yes, Sex=M",School=GP,0.36455696202531646,0.9056603773584906,1.0250310861220737
School=GP,"Failures=0, Internet=yes",0.6075949367088608,0.6876790830945558,1.0250310861220737
FamilySupport=yes,"Address=U, HigherEducation=yes",0.46582278481012657,0.7603305785123966,1.0250190392914562
G1Level=Medium,"Internet=yes, SchoolSupport=no",0.35443037974683544,0.7446808510638299,1.0249091852620655
"Absences=Medium, Internet=yes",SchoolSupport=no,0.27341772151898736,0.8925619834710744,1.0248894868345186
"SchoolSupport=no, StudyTime=2-5 hrs",Failures=0,0.34430379746835443,0.8095238095238095,1.0248778998779
"Failures=0, FamilySize=GT3",HigherEducation=yes,0.5468354430379747,0.972972972972973,1.024864864864865
"Address=U, G1Level=Medium",HigherEducation=yes,0.36455696202531646,0.972972972972973,1.024864864864865
"FamilySize=GT3, Result=Pass",HigherEducation=yes,0.45569620253164556,0.9729729729729729,1.0248648648648648
"Result=Pass, Romantic=no",HigherEducation=yes,0.45569620253164556,0.9729729729729729,1.0248648648648648
"Absences=Low, Activities=no",SchoolSupport=no,0.21012658227848102,0.8924731182795699,1.0247874468617155
"Result=Fail, School=GP",Address=U,0.22784810126582278,0.7964601769911503,1.0247614655097863
"Activities=no, Internet=yes",SchoolSupport=no,0.3569620253164557,0.8924050632911392,1.0247093023255813
"AgeGroup=17-18, Failures=0",HigherEducation=yes,0.3620253164556962,0.9727891156462585,1.024671201814059
"FamilySize=GT3, Romantic=no",School=GP,0.43544303797468353,0.9052631578947368,1.0245815110843008
"Romantic=no, School=GP",FamilySize=GT3,0.43544303797468353,0.728813559322034,1.0244888111466313
Absences=Medium,HigherEducation=yes,0.3594936708860759,0.9726027397260273,1.0244748858447488
"FamilySize=GT3, HigherEducation=yes",Failures=0,0.5468354430379747,0.8089887640449438,1.0242005185825411
Failures=0,"FamilySize=GT3, HigherEducation=yes",0.5468354430379747,0.6923076923076924,1.0242005185825411
Sex=M,"Internet=yes, School=GP",0.36455696202531646,0.7700534759358288,1.02414519526819
"Address=U, G2Level=Medium",HigherEducation=yes,0.35443037974683544,0.9722222222222222,1.0240740740740741
"Failures=0, Sex=M",HigherEducation=yes,0.35443037974683544,0.9722222222222222,1.0240740740740741
"FamilySupport=no, Result=Pass",HigherEducation=yes,0.26582278481012656,0.9722222222222221,1.024074074074074
"Absences=Medium, Address=U",HigherEducation=yes,0.26582278481012656,0.9722222222222221,1.024074074074074
Romantic=no,"Address=U, School=GP",0.4936708860759494,0.7414448669201521,1.0240235050120983
"Address=U, School=GP",Romantic=no,0.4936708860759494,0.6818181818181819,1.0240235050120983
"HigherEducation=yes, Sex=F",Failures=0,0.4177215189873418,0.8088235294117647,1.0239913273001509
"School=GP, Sex=F",Failures=0,0.37468354430379747,0.808743169398907,1.0238895894633597
"FamilySupport=yes, Sex=F",Address=U,0.28607594936708863,0.7957746478873241,1.0238794329494887
Sex=F,"HigherEducation=yes, School=GP",0.4531645569620253,0.860576923076923,1.0238791705282668
"Address=U, StudyTime=2-5 hrs",Internet=yes,0.3518987341772152,0.852760736196319,1.0238312790198967
"HigherEducation=yes, Result=Pass",Internet=yes,0.5569620253164557,0.8527131782945735,1.0237741806272236
Internet=yes,"HigherEducation=yes, Result=Pass",0.5569620253164557,0.668693009118541,1.0237741806272236
Romantic=no,"FamilySize=GT3, HigherEducation=yes",0.4607594936708861,0.6920152091254753,1.0237678187436807
"FamilySize=GT3, HigherEducation=yes",Romantic=no,0.4607594936708861,0.6816479400749064,1.0237678187436807
"FamilySupport=yes, Internet=yes",Failures=0,0.4278481012658228,0.8086124401913874,1.023724082934609
"Internet=yes, Romantic=no",HigherEducation=yes,0.5240506329113924,0.971830985915493,1.023661971830986
"G1Level=Medium, HigherEducation=yes",Address=U,0.36455696202531646,0.7955801104972375,1.0236291323987259
"G2Level=Medium, HigherEducation=yes",Address=U,0.35443037974683544,0.7954545454545455,1.0234675747705064
"G1Level=Low, SchoolSupport=no",FamilySize=GT3,0.21012658227848102,0.7280701754385965,1.0234438409190236
Romantic=yes,"Address=U, Internet=yes",0.23291139240506328,0.6969696969696969,1.0234313394164696
Internet=yes,"HigherEducation=yes, School=GP",0.7164556962025317,0.8601823708206687,1.023409748416157
"HigherEducation=yes, School=GP",Internet=yes,0.7164556962025317,0.8524096385542169,1.023409748416157
"HigherEducation=yes, Internet=yes",School=GP,0.7164556962025317,0.904153354632588,1.0233254300282872
School=GP,"HigherEducation=yes, Internet=yes",0.7164556962025317,0.8108882521489972,1.0233254300282872
"Result=Pass, SchoolSupport=no",Internet=yes,0.5113924050632911,0.8523206751054851,1.023302938196555
"Address=U, SchoolSupport=no",Failures=0,0.5443037974683544,0.8082706766917293,1.0232914015808752
Failures=0,"Address=U, SchoolSupport=no",0.5443037974683544,0.6891025641025641,1.0232914015808752
"G2Level=Medium, HigherEducation=yes",Internet=yes,0.379746835443038,0.8522727272727274,1.023245371649627
"FamilySize=GT3, Sex=M",School=GP,0.28607594936708863,0.904,1.0231518624641833
"FamilySupport=yes, Internet=yes",HigherEducation=yes,0.5139240506329114,0.971291866028708,1.0230940988835724
"Internet=yes, School=GP",Failures=0,0.6075949367088608,0.8080808080808081,1.023051023051023
Failures=0,"Internet=yes, School=GP",0.6075949367088608,0.7692307692307693,1.023051023051023
"Internet=yes, Result=Fail",School=GP,0.2379746835443038,0.9038461538461537,1.0229777385937844
"AgeGroup=17-18, FamilySupport=yes",HigherEducation=yes,0.25569620253164554,0.971153846153846,1.0229487179487178
"Absences=Low, FamilySize=GT3",School=GP,0.30886075949367087,0.9037037037037037,1.0228165127878595
"Address=U, Result=Pass",Romantic=no,0.3620253164556962,0.680952380952381,1.0227231577041462
"Activities=yes, SchoolSupport=no",HigherEducation=yes,0.42278481012658226,0.9709302325581395,1.0227131782945735
"Result=Pass, StudyTime=2-5 hrs",SchoolSupport=no,0.28860759493670884,0.8906249999999999,1.0226653343023255
"Activities=no, SchoolSupport=no",Result=Pass,0.29873417721518986,0.686046511627907,1.0225976305397104
"FamilySupport=yes, G1Level=Medium",School=GP,0.2607594936708861,0.9035087719298246,1.0225958880008044
Sex=F,Failures=0,0.4253164556962025,0.8076923076923076,1.022559171597633
"Address=U, Result=Pass",SchoolSupport=no,0.47341772151898737,0.8904761904761906,1.0224944629014399
StudyTime=<2 hrs,"Internet=yes, SchoolSupport=no",0.19746835443037974,0.7428571428571429,1.0223992035838727
"Activities=yes, Result=Pass",HigherEducation=yes,0.3341772151898734,0.9705882352941176,1.0223529411764707
"HigherEducation=yes, Result=Pass",Address=U,0.5189873417721519,0.7945736434108527,1.0223341666035402
Address=U,"HigherEducation=yes, Result=Pass",0.5189873417721519,0.6677524429967426,1.02233416660354
"Activities=no, Address=U",School=GP,0.35443037974683544,0.903225806451613,1.0222756262131436
"Internet=yes, StudyTime=2-5 hrs",Failures=0,0.3291139240506329,0.8074534161490683,1.0222567287784678
"Activities=no, HigherEducation=yes",Address=U,0.3620253164556962,0.7944444444444444,1.0221679334057183
"FamilySupport=yes, Internet=yes",Address=U,0.42025316455696204,0.7942583732057416,1.021928525785889
"Activities=yes, StudyTime=2-5 hrs",School=GP,0.23544303797468355,0.9029126213592233,1.0219211617102957
Activities=yes,HigherEducation=yes,0.4936708860759494,0.9701492537313432,1.0218905472636814
"AgeGroup=<=16, Sex=M",Internet=yes,0.20253164556962025,0.851063829787234,1.0217939597749466
"HigherEducation=yes, Sex=F",Address=U,0.41012658227848103,0.7941176470588236,1.0217474611994635
School=GP,Internet=yes,0.7518987341772152,0.8510028653295129,1.0217207653652207
Internet=yes,School=GP,0.7518987341772152,0.9027355623100304,1.0217207653652205
"Address=U, FamilySize=GT3",Result=Pass,0.369620253164557,0.6854460093896714,1.021702542297812
"FamilySupport=yes, G2Level=Medium",School=GP,0.2582278481012658,0.902654867256637,1.0216294342875978
"G2Level=Medium, Internet=yes",School=GP,0.3518987341772152,0.9025974025974025,1.0215643954898967
"Failures=0, SchoolSupport=no",Romantic=no,0.46835443037974683,0.6801470588235294,1.021513643480206
Romantic=no,"Failures=0, SchoolSupport=no",0.46835443037974683,0.7034220532319392,1.0215136434802057
Result=Pass,"Address=U, School=GP",0.4962025316455696,0.7396226415094339,1.0215067950917007
"Address=U, School=GP",Result=Pass,0.4962025316455696,0.6853146853146853,1.0215067950917007
"Activities=yes, FamilySize=GT3",Result=Pass,0.2481012658227848,0.6853146853146853,1.0215067950917007
"FamilySize=GT3, StudyTime=2-5 hrs",Address=U,0.26329113924050634,0.7938931297709925,1.021458587164632
"G1Level=Medium, School=GP",HigherEducation=yes,0.4050632911392405,0.9696969696969697,1.0214141414141416
Activities=yes,Internet=yes,0.43291139240506327,0.8507462686567163,1.0214126933720455
"Absences=Low, Sex=F",Address=U,0.1949367088607595,0.7938144329896908,1.0213573323482992
"AgeGroup=17-18, Romantic=no",Result=Pass,0.18734177215189873,0.6851851851851851,1.0213137665967853
"G1Level=Low, School=GP",Romantic=no,0.21518987341772153,0.6799999999999999,1.021292775665399
"FamilySupport=yes, Romantic=no",Address=U,0.32151898734177214,0.79375,1.0212744299674266
"Failures=0, G1Level=Medium",HigherEducation=yes,0.40253164556962023,0.9695121951219512,1.021219512195122
"Activities=no, G2Level=Medium",Internet=yes,0.18734177215189873,0.8505747126436781,1.02120672186703
"Absences=Medium, School=GP",Address=U,0.25316455696202533,0.7936507936507937,1.0211467866190993
"Internet=yes, Result=Pass",School=GP,0.5139240506329114,0.9022222222222221,1.0211397644062399
G2Level=Medium,"Internet=yes, SchoolSupport=no",0.34177215189873417,0.7417582417582417,1.0208867787265
"Absences=Medium, Romantic=no",School=GP,0.23291139240506328,0.9019607843137255,1.0208438676330132
Sex=M,Internet=yes,0.40253164556962023,0.8502673796791443,1.0208377354810396
"FamilySize=LE3, School=GP",HigherEducation=yes,0.2379746835443038,0.9690721649484536,1.0207560137457046
"Failures=0, FamilySize=LE3",SchoolSupport=no,0.20253164556962025,0.888888888888889,1.0206718346253232
"Absences=Medium, Result=Pass",SchoolSupport=no,0.2430379746835443,0.8888888888888888,1.020671834625323
"Absences=Medium, Activities=yes",SchoolSupport=no,0.18227848101265823,0.8888888888888888,1.020671834625323
"Internet=yes, StudyTime=2-5 hrs",HigherEducation=yes,0.3949367088607595,0.9689440993788819,1.0206211180124223
"Internet=yes, Romantic=yes",Address=U,0.23291139240506328,0.793103448275862,1.0204425474559136
"FamilySupport=yes, School=GP",HigherEducation=yes,0.549367088607595,0.96875,1.0204166666666667
Sex=M,"HigherEducation=yes, SchoolSupport=no",0.39746835443037976,0.839572192513369,1.0204031262854791
Activities=yes,Failures=0,0.41012658227848103,0.8059701492537313,1.0203788748564868
Sex=M,"Failures=0, Internet=yes",0.3240506329113924,0.6844919786096256,1.0202804964181211
"Internet=yes, Sex=F",Failures=0,0.3468354430379747,0.8058823529411765,1.020267722473605
"FamilySupport=no, Romantic=no",Failures=0,0.21012658227848102,0.8058252427184467,1.0201954194672642
"FamilySize=GT3, G2Level=Medium",HigherEducation=yes,0.31139240506329113,0.9685039370078741,1.0201574803149607
"Address=U, FamilySupport=yes",HigherEducation=yes,0.46582278481012657,0.9684210526315788,1.0200701754385963
"Activities=yes, G2Level=Medium",HigherEducation=yes,0.23291139240506328,0.9684210526315788,1.0200701754385963
"G1Level=Medium, Internet=yes",HigherEducation=yes,0.38734177215189874,0.9683544303797468,1.02
"Romantic=no, StudyTime=2-5 hrs",HigherEducation=yes,0.30886075949367087,0.9682539682539683,1.0198941798941799
"Absences=Medium, SchoolSupport=no",HigherEducation=yes,0.30886075949367087,0.9682539682539683,1.0198941798941799
"Failures=0, G2Level=Low",School=GP,0.20759493670886076,0.901098901098901,1.0198683837652318
"Activities=yes, Internet=yes",Result=Pass,0.29620253164556964,0.6842105263157896,1.0198609731876864
"Activities=yes, Address=U",Result=Pass,0.26329113924050634,0.6842105263157895,1.0198609731876862
"FamilySize=GT3, School=GP",Failures=0,0.5139240506329114,0.8055555555555556,1.0198539886039886
Failures=0,"FamilySize=GT3, School=GP",0.5139240506329114,0.6506410256410255,1.0198539886039886
Absences=Low,"HigherEducation=yes, Romantic=no",0.3037974683544304,0.6557377049180327,1.0197495804827674
Failures=0,Internet=yes,0.6708860759493671,0.8493589743589745,1.0197470968747566
Internet=yes,Failures=0,0.6708860759493671,0.8054711246200609,1.0197470968747566
"AgeGroup=<=16, Sex=M",HigherEducation=yes,0.23037974683544304,0.9680851063829787,1.0197163120567376
"Activities=yes, G1Level=Medium",HigherEducation=yes,0.23037974683544304,0.9680851063829787,1.0197163120567376
Failures=0,"School=GP, SchoolSupport=no",0.6075949367088608,0.7692307692307693,1.0196179659266909
"School=GP, SchoolSupport=no",Failures=0,0.6075949367088608,0.8053691275167785,1.0196179659266906
Result=Pass,Address=U,0.5316455696202531,0.7924528301886792,1.0196054329789195
Address=U,Result=Pass,0.5316455696202531,0.6840390879478826,1.0196054329789193
"FamilySize=GT3, School=GP",Internet=yes,0.5417721518987342,0.8492063492063493,1.0195638539103586
Internet=yes,"FamilySize=GT3, School=GP",0.5417721518987342,0.6504559270516718,1.0195638539103586
Absences=Low,Address=U,0.3670886075949367,0.7923497267759563,1.0194727754934942
Result=Pass,Internet=yes,0.569620253164557,0.8490566037735849,1.0193840683603832
Internet=yes,Result=Pass,0.569620253164557,0.6838905775075989,1.0193840683603832
"Activities=no, Address=U",Result=Pass,0.2683544303797468,0.6838709677419355,1.0193548387096774
"School=GP, StudyTime=<2 hrs",SchoolSupport=no,0.2,0.8876404494382023,1.0192383067677033
"AgeGroup=<=16, Romantic=no",Internet=yes,0.29873417721518986,0.8489208633093525,1.0192210972863047
"Internet=yes, Sex=M",Failures=0,0.3240506329113924,0.8050314465408805,1.0191904531527174
"FamilySupport=yes, School=GP",Romantic=no,0.3848101265822785,0.6785714285714285,1.0191472026072785
"Absences=Low, SchoolSupport=no",FamilySize=GT3,0.2936708860759494,0.7250000000000001,1.0191281138790036
"Failures=0, School=GP",FamilySize=GT3,0.5139240506329114,0.725,1.0191281138790036
FamilySize=GT3,"Failures=0, School=GP",0.5139240506329114,0.7224199288256227,1.0191281138790034
"Activities=yes, SchoolSupport=no",Internet=yes,0.369620253164557,0.8488372093023256,1.0191206616243726
FamilySize=LE3,"Failures=0, SchoolSupport=no",0.20253164556962025,0.7017543859649124,1.019091847265222
FamilySupport=no,"Address=U, SchoolSupport=no",0.26582278481012656,0.6862745098039215,1.0190918472652217
"Activities=no, Internet=yes",Result=Pass,0.27341772151898736,0.6835443037974683,1.0188679245283019
Result=Pass,"Internet=yes, School=GP",0.5139240506329114,0.7660377358490565,1.0188043961628865
"Internet=yes, School=GP",Result=Pass,0.5139240506329114,0.6835016835016834,1.0188043961628865
FamilySupport=yes,"School=GP, SchoolSupport=no",0.4708860759493671,0.768595041322314,1.0187753064507183
Activities=yes,"Failures=0, SchoolSupport=no",0.3569620253164557,0.7014925373134328,1.0187115891132572
G1Level=Medium,"Internet=yes, School=GP",0.36455696202531646,0.7659574468085106,1.0186976144422952
"Internet=yes, Sex=F",School=GP,0.38734177215189874,0.9,1.018624641833811
G2Level=Medium,HigherEducation=yes,0.44556962025316454,0.9670329670329669,1.0186080586080586
"Failures=0, G2Level=Low",HigherEducation=yes,0.22278481012658227,0.9670329670329669,1.0186080586080586
"G2Level=Medium, StudyTime=2-5 hrs",HigherEducation=yes,0.22278481012658227,0.9670329670329669,1.0186080586080586
"Failures=0, Romantic=no",Address=U,0.43291139240506327,0.7916666666666666,1.0185939196525515
"Failures=0, Sex=M",Address=U,0.28860759493670884,0.7916666666666666,1.0185939196525515
"G1Level=Medium, G2Level=Medium",Address=U,0.28860759493670884,0.7916666666666666,1.0185939196525515
FamilySupport=yes,HigherEducation=yes,0.5924050632911393,0.9669421487603306,1.018512396694215
"G2Level=Medium, Romantic=no",HigherEducation=yes,0.29620253164556964,0.9669421487603306,1.018512396694215
"Absences=Medium, Internet=yes",HigherEducation=yes,0.29620253164556964,0.9669421487603306,1.018512396694215
"Failures=0, FamilySupport=no",Address=U,0.23037974683544304,0.7913043478260869,1.0181277439456167
"FamilySize=GT3, Sex=M",Internet=yes,0.2683544303797468,0.8479999999999999,1.0181155015197567
Absences=Medium,"Internet=yes, SchoolSupport=no",0.27341772151898736,0.7397260273972602,1.0180898286477973
Activities=no,SchoolSupport=no,0.43544303797468353,0.8865979381443299,1.018041237113402
G2Level=Medium,Address=U,0.36455696202531646,0.7912087912087912,1.0180047965064252
"AgeGroup=<=16, StudyTime=2-5 hrs",Internet=yes,0.19746835443037974,0.8478260869565217,1.017906700145368
"Romantic=no, Sex=M",Address=U,0.2683544303797468,0.791044776119403,1.017793767319753
Address=R,SchoolSupport=no,0.19746835443037974,0.8863636363636364,1.0177721987315012
"Activities=no, FamilySupport=yes",School=GP,0.2708860759493671,0.8991596638655462,1.0176735450627241
"Romantic=no, School=GP",HigherEducation=yes,0.5772151898734177,0.9661016949152542,1.0176271186440677
"G1Level=Medium, Romantic=no",HigherEducation=yes,0.28860759493670884,0.9661016949152542,1.0176271186440677
"G1Level=Medium, Internet=yes",SchoolSupport=no,0.35443037974683544,0.8860759493670886,1.0174418604651163
"Activities=no, Address=U",Romantic=no,0.26582278481012656,0.6774193548387096,1.0174169017539556
"Activities=no, SchoolSupport=no",Address=U,0.34430379746835443,0.7906976744186047,1.0173471706688888
Sex=M,"Failures=0, SchoolSupport=no",0.33164556962025316,0.7005347593582887,1.017320698332809
FamilySize=LE3,SchoolSupport=no,0.25569620253164554,0.8859649122807017,1.0173143614851081
Romantic=no,HigherEducation=yes,0.6430379746835443,0.9657794676806083,1.0172877059569074
HigherEducation=yes,Romantic=no,0.6430379746835443,0.6773333333333333,1.0172877059569074
"FamilySupport=yes, SchoolSupport=no",HigherEducation=yes,0.49873417721518987,0.9656862745098039,1.0171895424836601
"Failures=0, SchoolSupport=no",Address=U,0.5443037974683544,0.7904411764705882,1.0170171488790956
Address=U,"Failures=0, SchoolSupport=no",0.5443037974683544,0.7003257328990228,1.0170171488790956
"G2Level=Medium, Result=Pass",HigherEducation=yes,0.4253164556962025,0.9655172413793103,1.0170114942528736
"Activities=no, G2Level=Medium",HigherEducation=yes,0.21265822784810126,0.9655172413793103,1.0170114942528736
"Activities=yes, AgeGroup=17-18",Internet=yes,0.18227848101265823,0.8470588235294118,1.0169855176112998
G2Level=Medium,"Address=U, School=GP",0.3392405063291139,0.7362637362637362,1.0168677476369783
"Romantic=no, Sex=F",Result=Pass,0.22278481012658227,0.6821705426356589,1.016820242796548
FamilySupport=no,"HigherEducation=yes, SchoolSupport=no",0.3240506329113924,0.8366013071895425,1.0167923579688285
"Failures=0, HigherEducation=yes",School=GP,0.6936708860759494,0.898360655737705,1.0167692235426746
School=GP,"Failures=0, HigherEducation=yes",0.6936708860759494,0.7851002865329513,1.0167692235426746
"G1Level=Medium, Romantic=no",School=GP,0.2683544303797468,0.8983050847457628,1.0167063280073818
"Activities=yes, HigherEducation=yes",FamilySize=GT3,0.3569620253164557,0.7230769230769231,1.0164248562825076
"AgeGroup=17-18, Result=Pass",HigherEducation=yes,0.27848101265822783,0.9649122807017544,1.016374269005848
"Address=U, G1Level=Medium",SchoolSupport=no,0.33164556962025316,0.8851351351351351,1.0163615650534255
"Activities=no, FamilySize=GT3",Address=U,0.2759493670886076,0.7898550724637683,1.0162630411178777
"Sex=F, StudyTime=2-5 hrs",HigherEducation=yes,0.2759493670886076,0.9646017699115045,1.0160471976401182
"Activities=yes, Result=Pass",Romantic=no,0.23291139240506328,0.676470588235294,1.0159919481100423
"HigherEducation=yes, Romantic=no",School=GP,0.5772151898734177,0.8976377952755905,1.0159510863434333
School=GP,"HigherEducation=yes, Romantic=no",0.5772151898734177,0.653295128939828,1.0159510863434333
"AgeGroup=17-18, School=GP",Internet=yes,0.30632911392405066,0.8461538461538463,1.015898994622399
G2Level=Medium,Internet=yes,0.389873417721519,0.8461538461538461,1.0158989946223989
"Activities=yes, Internet=yes",Address=U,0.34177215189873417,0.7894736842105263,1.0157723298474197
G2Level=Medium,"Internet=yes, School=GP",0.3518987341772152,0.7637362637362637,1.0157435157435157
Failures=0,School=GP,0.7088607594936709,0.8974358974358975,1.0157225773271619
School=GP,Failures=0,0.7088607594936709,0.8022922636103151,1.0157225773271619
"Romantic=no, SchoolSupport=no",HigherEducation=yes,0.5468354430379747,0.9642857142857143,1.0157142857142858
"Activities=no, Sex=F",HigherEducation=yes,0.27341772151898736,0.9642857142857143,1.0157142857142858
Romantic=no,School=GP,0.5974683544303797,0.897338403041825,1.0156122326691142
School=GP,Romantic=no,0.5974683544303797,0.6762177650429798,1.0156122326691142
"Failures=0, HigherEducation=yes",Internet=yes,0.6531645569620254,0.8459016393442623,1.0155961931336888
Internet=yes,"Failures=0, HigherEducation=yes",0.6531645569620254,0.78419452887538,1.0155961931336888
Absences=Medium,"HigherEducation=yes, SchoolSupport=no",0.30886075949367087,0.8356164383561643,1.0155953635405688
Romantic=no,FamilySize=GT3,0.4810126582278481,0.7224334600760457,1.015520344235011
FamilySize=GT3,Romantic=no,0.4810126582278481,0.6761565836298933,1.015520344235011
StudyTime=2-5 hrs,"HigherEducation=yes, School=GP",0.4278481012658228,0.8535353535353535,1.015501399537544
"FamilySupport=yes, Romantic=no",Result=Pass,0.2759493670886076,0.6812500000000001,1.0154481132075472
"FamilySupport=yes, SchoolSupport=no",Address=U,0.40759493670886077,0.7892156862745099,1.0154403781056398
"FamilySize=GT3, Result=Pass",Address=U,0.369620253164557,0.7891891891891892,1.015406285764592
"Activities=yes, School=GP",Address=U,0.369620253164557,0.7891891891891892,1.015406285764592
"Absences=Low, Result=Pass",SchoolSupport=no,0.2708860759493671,0.884297520661157,1.0153997693638286
"G1Level=Medium, SchoolSupport=no",Address=U,0.33164556962025316,0.789156626506024,1.0153643891527018
"G2Level=Low, Sex=F",HigherEducation=yes,0.20253164556962025,0.963855421686747,1.015261044176707
"Failures=0, G1Level=Medium",SchoolSupport=no,0.3670886075949367,0.8841463414634146,1.015226176971072
"Absences=Medium, School=GP",FamilySize=GT3,0.23037974683544304,0.7222222222222223,1.0152234084618428
"AgeGroup=17-18, Romantic=no",FamilySize=GT3,0.19746835443037974,0.7222222222222222,1.0152234084618426
"Result=Pass, SchoolSupport=no",Address=U,0.47341772151898737,0.7890295358649789,1.015200868621064
"Activities=yes, School=GP",Result=Pass,0.3189873417721519,0.681081081081081,1.0151963284038754
G2Level=Medium,"HigherEducation=yes, SchoolSupport=no",0.3848101265822785,0.8351648351648351,1.0150464919695688
"Absences=Low, Romantic=no",School=GP,0.28607594936708863,0.896825396825397,1.0150316095874836
"Romantic=no, StudyTime=2-5 hrs",School=GP,0.28607594936708863,0.896825396825397,1.0150316095874836
FamilySize=GT3,School=GP,0.6379746835443038,0.8967971530249109,1.0149996431084234
School=GP,FamilySize=GT3,0.6379746835443038,0.7220630372492836,1.0149996431084234
"G1Level=Medium, HigherEducation=yes",Internet=yes,0.38734177215189874,0.845303867403315,1.0148785034173538
"FamilySize=GT3, StudyTime=2-5 hrs",Failures=0,0.26582278481012656,0.8015267175572518,1.0147533763945977
"Result=Pass, Sex=F",FamilySize=GT3,0.2430379746835443,0.7218045112781954,1.014636234714901
Sex=F,Address=U,0.4151898734177215,0.7884615384615384,1.0144700576296666
"G1Level=Medium, Result=Pass",HigherEducation=yes,0.3949367088607595,0.9629629629629629,1.0143209876543209
"AgeGroup=17-18, G2Level=Medium",HigherEducation=yes,0.19746835443037974,0.9629629629629629,1.0143209876543209
"School=GP, StudyTime=2-5 hrs",Failures=0,0.3569620253164557,0.8011363636363636,1.0142591783216783
Activities=no,"Address=U, Internet=yes",0.3392405063291139,0.6907216494845361,1.0142566971984823
"Failures=0, FamilySize=GT3",Address=U,0.4430379746835443,0.7882882882882882,1.0142471461689702
"Activities=no, Internet=yes",FamilySize=GT3,0.28860759493670884,0.7215189873417721,1.0142348754448398
Romantic=yes,"School=GP, SchoolSupport=no",0.25569620253164554,0.765151515151515,1.0142109009558673
Activities=no,Romantic=no,0.33164556962025316,0.6752577319587628,1.014170357884834
G1Level=Medium,HigherEducation=yes,0.4582278481012658,0.9627659574468086,1.014113475177305
"Failures=0, FamilySupport=yes",Romantic=no,0.3367088607594937,0.6751269035532995,1.0139738665534346
"Failures=0, Internet=yes",SchoolSupport=no,0.5924050632911393,0.8830188679245283,1.0139315489249672
SchoolSupport=no,"Failures=0, Internet=yes",0.5924050632911393,0.680232558139535,1.0139315489249672
"Activities=yes, Sex=F",School=GP,0.21772151898734177,0.8958333333333334,1.0139087870105061
"G2Level=Medium, Sex=F",School=GP,0.21772151898734177,0.8958333333333334,1.0139087870105061
G1Level=Medium,SchoolSupport=no,0.42025316455696204,0.8829787234042554,1.0138854527461654
G1Level=Medium,"Address=U, School=GP",0.3493670886075949,0.7340425531914894,1.0138000297574765
"Absences=Low, SchoolSupport=no",Romantic=no,0.27341772151898736,0.675,1.0137832699619773
"FamilySize=GT3, G1Level=Medium",HigherEducation=yes,0.3240506329113924,0.9624060150375939,1.013734335839599
"Activities=yes, FamilySupport=yes",Romantic=no,0.21012658227848102,0.6747967479674797,1.0134780055024886
Romantic=yes,"HigherEducation=yes, Internet=yes",0.2683544303797468,0.803030303030303,1.0134088488721076
"HigherEducation=yes, Result=Pass",School=GP,0.5848101265822785,0.8953488372093023,1.0133604317984939
School=GP,"HigherEducation=yes, Result=Pass",0.5848101265822785,0.66189111747851,1.0133604317984939
"G2Level=Medium, SchoolSupport=no",HigherEducation=yes,0.3848101265822785,0.9620253164556961,1.0133333333333332
"Romantic=yes, Sex=F",HigherEducation=yes,0.19240506329113924,0.9620253164556961,1.0133333333333332
G2Level=Low,"FamilySize=GT3, HigherEducation=yes",0.25316455696202533,0.684931506849315,1.013288184290185
Sex=F,"HigherEducation=yes, Internet=yes",0.42278481012658226,0.8028846153846153,1.013224993855984
"Absences=Low, G1Level=Medium",SchoolSupport=no,0.189873417721519,0.8823529411764706,1.0131668946648427
"Activities=yes, Result=Pass",FamilySize=GT3,0.2481012658227848,0.7205882352941176,1.012926522922336
G1Level=Medium,Address=U,0.37468354430379747,0.7872340425531915,1.012890706216647
FamilySize=GT3,"Internet=yes, School=GP",0.5417721518987342,0.7615658362989324,1.01285692033023
"Internet=yes, School=GP",FamilySize=GT3,0.5417721518987342,0.7205387205387205,1.0128569203302298
"Activities=yes, FamilySupport=no",HigherEducation=yes,0.189873417721519,0.9615384615384616,1.012820512820513
"Failures=0, Result=Fail",HigherEducation=yes,0.189873417721519,0.9615384615384616,1.012820512820513
"Activities=no, HigherEducation=yes",Failures=0,0.36455696202531646,0.8,1.012820512820513
"Activities=no, Address=U",Failures=0,0.3139240506329114,0.8,1.012820512820513
"FamilySize=GT3, FamilySupport=yes",HigherEducation=yes,0.4430379746835443,0.9615384615384615,1.0128205128205128
FamilySize=LE3,"HigherEducation=yes, SchoolSupport=no",0.24050632911392406,0.8333333333333334,1.0128205128205128
"FamilySupport=no, Internet=yes",Failures=0,0.2430379746835443,0.7999999999999999,1.0128205128205128
"Activities=no, StudyTime=2-5 hrs",Failures=0,0.19240506329113924,0.7999999999999999,1.0128205128205128
"HigherEducation=yes, Sex=M",School=GP,0.38734177215189874,0.8947368421052633,1.0126677725833209
"G2Level=Low, Internet=yes",School=GP,0.2582278481012658,0.8947368421052632,1.0126677725833206
"G1Level=Low, Internet=yes",School=GP,0.2582278481012658,0.8947368421052632,1.0126677725833206
G1Level=Medium,"HigherEducation=yes, School=GP",0.4050632911392405,0.851063829787234,1.012560881825173
"G1Level=Medium, SchoolSupport=no",Internet=yes,0.35443037974683544,0.8433734939759036,1.012560881825173
"FamilySize=GT3, Result=Pass",Internet=yes,0.3949367088607595,0.8432432432432433,1.012404501766204
"Absences=Medium, Failures=0",School=GP,0.27848101265822783,0.8943089430894309,1.0121834742702727
"SchoolSupport=no, Sex=M",Internet=yes,0.3670886075949367,0.8430232558139535,1.0121403831200961
"FamilySize=GT3, G1Level=Low",School=GP,0.23544303797468355,0.8942307692307692,1.0120949966938504
"Address=U, Romantic=no",HigherEducation=yes,0.4962025316455696,0.9607843137254902,1.0120261437908498
"Result=Pass, School=GP",SchoolSupport=no,0.5265822784810127,0.8813559322033899,1.012022073314939
"Absences=Medium, FamilySupport=yes",School=GP,0.19240506329113924,0.8941176470588235,1.0119669644362042
G2Level=Medium,"Address=U, SchoolSupport=no",0.3139240506329114,0.6813186813186813,1.0117326282739816
"FamilySupport=yes, HigherEducation=yes",Address=U,0.46582278481012657,0.7863247863247862,1.0117208162810767
"Result=Pass, Romantic=no",SchoolSupport=no,0.41265822784810124,0.8810810810810811,1.0117064739157762
"FamilySize=GT3, Result=Pass",SchoolSupport=no,0.41265822784810124,0.8810810810810811,1.0117064739157762
"Absences=Medium, Address=U",Internet=yes,0.23037974683544304,0.8425925925925926,1.0116233254531126
"Absences=Medium, Result=Pass",Internet=yes,0.23037974683544304,0.8425925925925926,1.0116233254531126
"FamilySize=LE3, HigherEducation=yes",Internet=yes,0.23037974683544304,0.8425925925925926,1.0116233254531126
"SchoolSupport=no, StudyTime=2-5 hrs",Result=Pass,0.28860759493670884,0.6785714285714286,1.011455525606469
"School=GP, StudyTime=2-5 hrs",HigherEducation=yes,0.4278481012658228,0.9602272727272728,1.0114393939393942
"Failures=0, G1Level=Medium",FamilySize=GT3,0.29873417721518986,0.7195121951219512,1.0114139397621733
Absences=Medium,"HigherEducation=yes, Internet=yes",0.29620253164556964,0.8013698630136986,1.011313405400674
"AgeGroup=<=16, Romantic=no",FamilySize=GT3,0.25316455696202533,0.7194244604316548,1.011290611638803
"Activities=no, Failures=0",HigherEducation=yes,0.36455696202531646,0.96,1.0112
"Result=Fail, Sex=F",HigherEducation=yes,0.18227848101265823,0.96,1.0112
FamilySupport=no,Romantic=no,0.2607594936708861,0.6732026143790849,1.011083774447675
FamilySize=LE3,"Failures=0, HigherEducation=yes",0.22531645569620254,0.780701754385965,1.0110727638769055
"Activities=yes, G2Level=Medium",Internet=yes,0.20253164556962025,0.8421052631578947,1.0110382338825787
"G1Level=Medium, StudyTime=2-5 hrs",SchoolSupport=no,0.20506329113924052,0.8804347826086957,1.0109643579373104
"Absences=Low, Romantic=no",Address=U,0.25063291139240507,0.7857142857142858,1.0109353187529084
"G2Level=Low, School=GP",Address=U,0.25063291139240507,0.7857142857142858,1.0109353187529084
"FamilySize=GT3, StudyTime=2-5 hrs",School=GP,0.29620253164556964,0.8931297709923665,1.0108488812091254
StudyTime=2-5 hrs,HigherEducation=yes,0.4810126582278481,0.9595959595959596,1.0107744107744108
"G2Level=Medium, Romantic=no",FamilySize=GT3,0.22025316455696203,0.7190082644628099,1.0107055674833092
Absences=Medium,"HigherEducation=yes, School=GP",0.3139240506329114,0.8493150684931506,1.0104802772734773
"Absences=Low, Failures=0",SchoolSupport=no,0.3341772151898734,0.88,1.0104651162790699
"FamilySupport=yes, Sex=M",SchoolSupport=no,0.22278481012658227,0.8799999999999999,1.0104651162790697
"Absences=Low, Internet=yes",Result=Pass,0.25569620253164554,0.6778523489932885,1.0103836900088639
"Activities=no, School=GP",Internet=yes,0.3493670886075949,0.8414634146341463,1.0102676254726073
"Address=U, Sex=F",Internet=yes,0.3493670886075949,0.8414634146341463,1.0102676254726073
StudyTime=2-5 hrs,Failures=0,0.4,0.797979797979798,1.0102628852628852
"Absences=Low, FamilySize=GT3",Address=U,0.2683544303797468,0.7851851851851852,1.0102545542284955
FamilySupport=yes,Address=U,0.4810126582278481,0.7851239669421487,1.010175788085175
"FamilySize=GT3, G1Level=Medium",SchoolSupport=no,0.29620253164556964,0.8796992481203008,1.0101197761846477
"FamilySize=LE3, HigherEducation=yes",SchoolSupport=no,0.24050632911392406,0.8796296296296297,1.010039836347976
"Failures=0, StudyTime=2-5 hrs",School=GP,0.3569620253164557,0.8924050632911392,1.0100286532951288
"SchoolSupport=no, Sex=F",Address=U,0.34177215189873417,0.7848837209302325,1.0098666767669116
Activities=yes,"HigherEducation=yes, SchoolSupport=no",0.42278481012658226,0.8308457711442785,1.009797168006123
"G2Level=Medium, SchoolSupport=no",Address=U,0.3139240506329114,0.7848101265822784,1.009771986970684
"Absences=Medium, HigherEducation=yes",FamilySize=GT3,0.2582278481012658,0.7183098591549296,1.0097238233672499
"G2Level=Medium, Result=Pass",SchoolSupport=no,0.38734177215189874,0.8793103448275862,1.0096732157177226
"G2Level=Medium, HigherEducation=yes",School=GP,0.39746835443037976,0.8920454545454546,1.0096216462620473
"School=GP, StudyTime=2-5 hrs",Internet=yes,0.37468354430379747,0.8409090909090909,1.009602100027632
FamilySize=GT3,"School=GP, SchoolSupport=no",0.5417721518987342,0.7615658362989324,1.0094580716042896
"School=GP, SchoolSupport=no",FamilySize=GT3,0.5417721518987342,0.7181208053691275,1.0094580716042896
"G1Level=Medium, G2Level=Medium",HigherEducation=yes,0.3493670886075949,0.9583333333333333,1.0094444444444444
"FamilySupport=yes, Result=Pass",SchoolSupport=no,0.3493670886075949,0.8789808917197451,1.009294919271219
"Address=U, Sex=M",Failures=0,0.28860759493670884,0.7972027972027972,1.0092791823561054
Sex=F,"Address=U, School=GP",0.3848101265822785,0.7307692307692307,1.0092791823561054
"FamilySupport=no, School=GP",Romantic=no,0.21265822784810126,0.6719999999999999,1.0092775665399238
Absences=Low,"Address=U, HigherEducation=yes",0.3468354430379747,0.7486338797814207,1.0092504522650554
"FamilySupport=yes, StudyTime=2-5 hrs",Romantic=no,0.21772151898734177,0.671875,1.0090898288973384
"Activities=no, FamilySupport=yes",HigherEducation=yes,0.28860759493670884,0.9579831932773109,1.009075630252101
G1Level=Medium,Internet=yes,0.4,0.8404255319148937,1.0090215352777598
"Activities=yes, G1Level=Medium",Internet=yes,0.2,0.8404255319148937,1.0090215352777598
"Activities=no, G1Level=Medium",Internet=yes,0.2,0.8404255319148937,1.0090215352777598
"Activities=yes, HigherEducation=yes",Result=Pass,0.3341772151898734,0.6769230769230768,1.00899854862119
"FamilySize=GT3, Romantic=no",HigherEducation=yes,0.4607594936708861,0.9578947368421052,1.0089824561403509
"FamilySize=LE3, Internet=yes",HigherEducation=yes,0.23037974683544304,0.9578947368421052,1.0089824561403509
"G1Level=Medium, SchoolSupport=no",HigherEducation=yes,0.40253164556962023,0.9578313253012047,1.0089156626506024
"FamilySize=GT3, HigherEducation=yes",School=GP,0.6025316455696202,0.8913857677902621,1.0088750093901246
School=GP,"FamilySize=GT3, HigherEducation=yes",0.6025316455696202,0.6819484240687679,1.0088750093901246
Romantic=no,"Failures=0, Internet=yes",0.4506329113924051,0.6768060836501901,1.0088241624219816
"Failures=0, Internet=yes",Romantic=no,0.4506329113924051,0.6716981132075471,1.0088241624219814
"Failures=0, Romantic=no",FamilySize=GT3,0.3924050632911392,0.7175925925925926,1.0087155660999076
"G1Level=Medium, HigherEducation=yes",SchoolSupport=no,0.40253164556962023,0.8784530386740331,1.0086888089425672
"FamilySize=GT3, FamilySupport=yes",Failures=0,0.3670886075949367,0.7967032967032968,1.0086468019160328
Activities=yes,Result=Pass,0.34430379746835443,0.6766169154228855,1.0085421946869424
"Activities=no, G1Level=Medium",HigherEducation=yes,0.22784810126582278,0.9574468085106383,1.0085106382978724
"Absences=Low, Failures=0",Internet=yes,0.3189873417721519,0.8399999999999999,1.0085106382978721
"FamilySize=GT3, Sex=F",School=GP,0.3518987341772152,0.891025641025641,1.0084674160605391
"Sex=F, StudyTime=2-5 hrs",Failures=0,0.22784810126582278,0.7964601769911503,1.0083390061266166
"FamilySupport=yes, SchoolSupport=no",Result=Pass,0.3493670886075949,0.676470588235294,1.0083240843507213
G1Level=Medium,"School=GP, SchoolSupport=no",0.3620253164556962,0.7606382978723404,1.0082286163072969
"FamilySupport=yes, Romantic=yes",SchoolSupport=no,0.18227848101265823,0.8780487804878049,1.0082246171298923
"Address=R, HigherEducation=yes",SchoolSupport=no,0.18227848101265823,0.8780487804878049,1.0082246171298923
Result=Pass,School=GP,0.5974683544303797,0.890566037735849,1.0079472346867058
School=GP,Result=Pass,0.5974683544303797,0.6762177650429798,1.0079472346867058
"FamilySize=GT3, SchoolSupport=no",Internet=yes,0.5164556962025316,0.8395061728395062,1.0079177455063981
"Activities=no, HigherEducation=yes",SchoolSupport=no,0.4,0.8777777777777779,1.0079134366925067
"Activities=yes, StudyTime=2-5 hrs",Failures=0,0.20759493670886076,0.7961165048543689,1.0079039083893453
"Address=U, G2Level=Low",FamilySize=GT3,0.19240506329113924,0.7169811320754718,1.0078560397502183
FamilySize=GT3,"HigherEducation=yes, School=GP",0.6025316455696202,0.8469750889679715,1.0076962654890023
"HigherEducation=yes, School=GP",FamilySize=GT3,0.6025316455696202,0.716867469879518,1.007696265489002
"FamilySupport=yes, HigherEducation=yes",Romantic=no,0.39746835443037976,0.6709401709401709,1.007685808066036
"G1Level=Low, Sex=F",School=GP,0.1848101265822785,0.8902439024390245,1.007582640296317
"G1Level=Medium, StudyTime=2-5 hrs",HigherEducation=yes,0.22278481012658227,0.9565217391304348,1.007536231884058
"Activities=yes, FamilySize=GT3",Internet=yes,0.3037974683544304,0.8391608391608392,1.0075031351627097
"Failures=0, G2Level=Medium",SchoolSupport=no,0.34430379746835443,0.8774193548387097,1.0075018754688672
"Activities=no, Address=U",SchoolSupport=no,0.34430379746835443,0.8774193548387097,1.0075018754688672
"G2Level=Medium, Result=Pass",Internet=yes,0.369620253164557,0.839080459770115,1.0074066310309893
FamilySize=LE3,"HigherEducation=yes, Internet=yes",0.23037974683544304,0.7982456140350878,1.007370663079424
StudyTime=2-5 hrs,"Failures=0, HigherEducation=yes",0.389873417721519,0.7777777777777778,1.0072859744990892
G1Level=Medium,"FamilySize=GT3, HigherEducation=yes",0.3240506329113924,0.6808510638297872,1.007251573830584
FamilySupport=yes,"Address=U, Internet=yes",0.42025316455696204,0.6859504132231404,1.007250606777474
"HigherEducation=yes, Romantic=no",FamilySize=GT3,0.4607594936708861,0.7165354330708662,1.007229523355844
"FamilySize=GT3, G2Level=Medium",School=GP,0.28607594936708863,0.8897637795275591,1.007039234708842
"Absences=Low, Activities=no",Internet=yes,0.19746835443037974,0.8387096774193548,1.0069614668104716
"FamilySupport=yes, G2Level=Low",Address=U,0.18227848101265823,0.782608695652174,1.0069395269791814
"Absences=Low, FamilySupport=yes",HigherEducation=yes,0.27341772151898736,0.9557522123893805,1.006725663716814
"Absences=Low, School=GP",Internet=yes,0.34177215189873417,0.8385093167701863,1.0067209122316827
"School=GP, Sex=M",Failures=0,0.3341772151898734,0.7951807228915663,1.0067191844300278
"HigherEducation=yes, StudyTime=2-5 hrs",School=GP,0.4278481012658228,0.8894736842105263,1.0067109033328305
FamilySupport=yes,"Internet=yes, SchoolSupport=no",0.4481012658227848,0.7314049586776858,1.0066374866818324
"G2Level=Medium, Internet=yes",SchoolSupport=no,0.34177215189873417,0.8766233766233765,1.0065878888553306
"Activities=yes, Failures=0",FamilySize=GT3,0.2936708860759494,0.7160493827160493,1.006546285312596
"Absences=Low, Activities=yes",HigherEducation=yes,0.21772151898734177,0.9555555555555556,1.0065185185185186
"Address=U, Internet=yes",HigherEducation=yes,0.6506329113924051,0.9553903345724908,1.0063444857496904
HigherEducation=yes,"Address=U, Internet=yes",0.6506329113924051,0.6853333333333333,1.0063444857496904
"FamilySize=GT3, Sex=F",Failures=0,0.3139240506329114,0.7948717948717949,1.006328073635766
"Result=Pass, Sex=F",Address=U,0.26329113924050634,0.7819548872180451,1.0060983076583967
Activities=yes,"Address=U, HigherEducation=yes",0.379746835443038,0.7462686567164178,1.0060618409658193
"Failures=0, Result=Pass",School=GP,0.5265822784810127,0.8888888888888888,1.006049028971665
StudyTime=2-5 hrs,School=GP,0.44556962025316454,0.8888888888888888,1.006049028971665
"Address=U, FamilySupport=no",School=GP,0.26329113924050634,0.8888888888888888,1.006049028971665
"Absences=Medium, Result=Pass",School=GP,0.2430379746835443,0.8888888888888888,1.006049028971665
"Absences=Medium, Activities=yes",School=GP,0.18227848101265823,0.8888888888888888,1.006049028971665
"Address=U, Romantic=no",FamilySize=GT3,0.369620253164557,0.715686274509804,1.0060358663038171
"Absences=Medium, Romantic=no",FamilySize=GT3,0.1848101265822785,0.715686274509804,1.0060358663038171
"Absences=Medium, Failures=0",FamilySize=GT3,0.22278481012658227,0.7154471544715447,1.0056997367126697
"G2Level=Medium, Result=Pass",Address=U,0.34430379746835443,0.7816091954022988,1.0056535250290164
"FamilySupport=no, HigherEducation=yes",Failures=0,0.28354430379746837,0.7943262411347518,1.005637388616112
"Internet=yes, SchoolSupport=no",School=GP,0.6455696202531646,0.8885017421602788,1.0056108543074789
School=GP,"Internet=yes, SchoolSupport=no",0.6455696202531646,0.7306590257879656,1.0056108543074789
FamilySize=LE3,"Address=U, School=GP",0.21012658227848102,0.7280701754385965,1.005551466077782
"FamilySupport=yes, Romantic=no",Internet=yes,0.3392405063291139,0.8374999999999999,1.0055091185410334
"Address=U, School=GP",HigherEducation=yes,0.6911392405063291,0.9545454545454546,1.0054545454545456
"AgeGroup=17-18, G1Level=Medium",HigherEducation=yes,0.21265822784810126,0.9545454545454546,1.0054545454545456
HigherEducation=yes,"Address=U, School=GP",0.6911392405063291,0.7280000000000001,1.0054545454545456
"Result=Pass, Sex=M",HigherEducation=yes,0.3189873417721519,0.9545454545454545,1.0054545454545454
Activities=yes,"HigherEducation=yes, Result=Pass",0.3341772151898734,0.6567164179104477,1.0054379266458404
"Absences=Medium, Failures=0",Internet=yes,0.2607594936708861,0.8373983739837398,1.0053871055427879
Address=U,HigherEducation=yes,0.7417721518987341,0.9543973941368077,1.0052985884907708
HigherEducation=yes,Address=U,0.7417721518987341,0.7813333333333333,1.0052985884907708
"G1Level=Medium, School=GP",FamilySize=GT3,0.29873417721518986,0.7151515151515151,1.0052841583090693
"Activities=yes, SchoolSupport=no",FamilySize=GT3,0.31139240506329113,0.7151162790697675,1.0052346271621286
"Activities=no, Result=Pass",Internet=yes,0.27341772151898736,0.8372093023255814,1.0051601046158196
"Romantic=no, Sex=M",School=GP,0.3012658227848101,0.8880597014925373,1.0051105503998632
"Activities=no, Romantic=no",HigherEducation=yes,0.31645569620253167,0.9541984732824428,1.0050890585241732
"FamilySize=GT3, StudyTime=2-5 hrs",HigherEducation=yes,0.31645569620253167,0.9541984732824428,1.0050890585241732
"FamilySize=LE3, School=GP",Failures=0,0.1949367088607595,0.7938144329896908,1.0049894263811792
Result=Pass,"FamilySize=GT3, HigherEducation=yes",0.45569620253164556,0.6792452830188679,1.0048759804960778
"FamilySize=GT3, HigherEducation=yes",Result=Pass,0.45569620253164556,0.6741573033707865,1.0048759804960778
"G1Level=Medium, StudyTime=2-5 hrs",Internet=yes,0.1949367088607595,0.8369565217391305,1.0048566142460684
"HigherEducation=yes, SchoolSupport=no",Internet=yes,0.6886075949367089,0.8369230769230769,1.004816460135609
Internet=yes,"HigherEducation=yes, SchoolSupport=no",0.6886075949367089,0.8267477203647416,1.004816460135609
"G1Level=Medium, Sex=F",School=GP,0.22025316455696203,0.8877551020408164,1.0047658031694053
"Activities=yes, Result=Pass",SchoolSupport=no,0.3012658227848101,0.875,1.0047238372093024
Sex=M,School=GP,0.42025316455696204,0.8877005347593583,1.0047040436388153
Romantic=no,"Address=U, HigherEducation=yes",0.4962025316455696,0.7452471482889733,1.0046847220960562
"Address=U, HigherEducation=yes",Romantic=no,0.4962025316455696,0.6689419795221843,1.0046847220960562
StudyTime=2-5 hrs,"Failures=0, School=GP",0.3569620253164557,0.7121212121212122,1.004599567099567
"FamilySupport=yes, G1Level=Medium",Address=U,0.22531645569620254,0.780701754385965,1.0044859706268932
"FamilySize=GT3, G1Level=Medium",School=GP,0.29873417721518986,0.8872180451127819,1.0041579593683347
"Absences=Medium, SchoolSupport=no",FamilySize=GT3,0.22784810126582278,0.7142857142857143,1.0040671072699543
Romantic=yes,Address=U,0.2607594936708861,0.7803030303030303,1.003972954298687
Absences=Low,SchoolSupport=no,0.4050632911392405,0.8743169398907104,1.0039395094675307
"Address=U, FamilySupport=yes",Romantic=no,0.32151898734177214,0.6684210526315789,1.003902341404843
"FamilySize=GT3, FamilySupport=yes",Address=U,0.3594936708860759,0.7802197802197801,1.0038658409993912
"School=GP, Sex=F",Internet=yes,0.38734177215189874,0.8360655737704917,1.0037869350739947
Sex=F,"Failures=0, School=GP",0.37468354430379747,0.7115384615384615,1.0037774725274724
"FamilySupport=yes, Result=Fail",HigherEducation=yes,0.20506329113924052,0.9529411764705883,1.0037647058823531
"Sex=M, StudyTime=2-5 hrs",HigherEducation=yes,0.20506329113924052,0.9529411764705883,1.0037647058823531
Absences=Low,"Address=U, School=GP",0.3367088607594937,0.726775956284153,1.0037639955672744
"Internet=yes, School=GP",HigherEducation=yes,0.7164556962025317,0.9528619528619529,1.0036812570145903
HigherEducation=yes,"Internet=yes, School=GP",0.7164556962025317,0.7546666666666667,1.0036812570145903
"Result=Pass, StudyTime=2-5 hrs",Internet=yes,0.2708860759493671,0.8359375,1.0036331686930091
Romantic=yes,"HigherEducation=yes, SchoolSupport=no",0.2759493670886076,0.8257575757575758,1.0036130536130536
"FamilySize=GT3, G2Level=Medium",SchoolSupport=no,0.2810126582278481,0.8740157480314961,1.0035936641640726
"Activities=no, School=GP",Failures=0,0.3291139240506329,0.7926829268292682,1.0035569105691056
"Absences=Low, Failures=0",School=GP,0.3367088607594937,0.8866666666666666,1.003533906399236
"Romantic=no, Sex=M",Internet=yes,0.28354430379746837,0.8358208955223881,1.003493172435694
"Activities=no, StudyTime=2-5 hrs",SchoolSupport=no,0.21012658227848102,0.8736842105263158,1.0032129742962057
"FamilySize=LE3, Internet=yes",SchoolSupport=no,0.21012658227848102,0.8736842105263158,1.0032129742962057
Activities=yes,"Address=U, School=GP",0.369620253164557,0.7263681592039801,1.0032007793201825
"SchoolSupport=no, StudyTime=2-5 hrs",HigherEducation=yes,0.4050632911392405,0.9523809523809524,1.0031746031746034
"Absences=Low, Romantic=no",HigherEducation=yes,0.3037974683544304,0.9523809523809524,1.0031746031746034
"Internet=yes, Romantic=no",FamilySize=GT3,0.3848101265822785,0.7136150234741784,1.0031243212537382
"Address=U, Internet=yes",SchoolSupport=no,0.5949367088607594,0.8736059479553903,1.0031231088441255
SchoolSupport=no,"Address=U, Internet=yes",0.5949367088607594,0.6831395348837209,1.0031231088441255
"Activities=yes, School=GP",FamilySize=GT3,0.3341772151898734,0.7135135135135136,1.0029816293161489
"Result=Pass, Romantic=no",FamilySize=GT3,0.3341772151898734,0.7135135135135136,1.0029816293161489
"FamilySize=GT3, G2Level=Medium",Address=U,0.25063291139240507,0.7795275590551182,1.0029751981328068
"Activities=no, Failures=0",SchoolSupport=no,0.33164556962025316,0.8733333333333333,1.0028100775193798
"FamilySize=LE3, SchoolSupport=no",Failures=0,0.20253164556962025,0.7920792079207921,1.0027925869510028
"G2Level=Medium, StudyTime=2-5 hrs",Internet=yes,0.19240506329113924,0.8351648351648351,1.0027055011857442
"G1Level=Medium, Romantic=no",SchoolSupport=no,0.2607594936708861,0.8728813559322034,1.0022910918407568
"Failures=0, FamilySupport=no",Internet=yes,0.2430379746835443,0.8347826086956521,1.0022465970662084
"Absences=Low, Result=Pass",Internet=yes,0.25569620253164554,0.8347107438016528,1.0021603155065437
"G2Level=Medium, Romantic=no",Internet=yes,0.25569620253164554,0.8347107438016528,1.0021603155065437
FamilySupport=yes,"Failures=0, SchoolSupport=no",0.42278481012658226,0.6900826446280991,1.0021420758385997
Internet=yes,HigherEducation=yes,0.7924050632911392,0.9513677811550152,1.0021073961499494
HigherEducation=yes,Internet=yes,0.7924050632911392,0.8346666666666667,1.0021073961499494
FamilySize=LE3,"Internet=yes, SchoolSupport=no",0.21012658227848102,0.7280701754385965,1.0020478024329116
School=GP,HigherEducation=yes,0.8405063291139241,0.9512893982808023,1.0020248328557784
HigherEducation=yes,School=GP,0.8405063291139241,0.8853333333333334,1.0020248328557784
"FamilySize=GT3, G1Level=Medium",Internet=yes,0.2810126582278481,0.8345864661654134,1.0020111067943414
AgeGroup=17-18,"Failures=0, Internet=yes",0.30632911392405066,0.6722222222222223,1.0019916142557652
"Address=U, SchoolSupport=no",HigherEducation=yes,0.640506329113924,0.951127819548872,1.0018546365914787
HigherEducation=yes,"Address=U, SchoolSupport=no",0.640506329113924,0.6746666666666666,1.0018546365914787
Internet=yes,SchoolSupport=no,0.7265822784810126,0.8723404255319149,1.0016699653636814
"Address=U, FamilySize=LE3",SchoolSupport=no,0.20759493670886076,0.8723404255319149,1.0016699653636814
"AgeGroup=<=16, Sex=M",SchoolSupport=no,0.20759493670886076,0.8723404255319149,1.0016699653636814
SchoolSupport=no,Internet=yes,0.7265822784810126,0.8343023255813954,1.0016699653636814
Address=U,"HigherEducation=yes, SchoolSupport=no",0.640506329113924,0.8241042345276872,1.001603608118266
"HigherEducation=yes, SchoolSupport=no",Address=U,0.640506329113924,0.7784615384615384,1.001603608118266
"Address=U, AgeGroup=<=16",FamilySize=GT3,0.28860759493670884,0.7125,1.0015569395017794
Absences=Medium,FamilySize=GT3,0.26329113924050634,0.7123287671232876,1.0013162384829133
"Activities=no, FamilySize=GT3",Romantic=no,0.23291139240506328,0.6666666666666667,1.0012674271229405
"G2Level=Medium, Result=Pass",Romantic=no,0.2936708860759494,0.6666666666666666,1.0012674271229405
"Activities=yes, Failures=0",Romantic=no,0.27341772151898736,0.6666666666666666,1.0012674271229405
"FamilySize=LE3, HigherEducation=yes",Romantic=no,0.18227848101265823,0.6666666666666666,1.0012674271229405
G2Level=Medium,School=GP,0.40759493670886077,0.8846153846153846,1.0012122547939166
Failures=0,SchoolSupport=no,0.6886075949367089,0.8717948717948718,1.0010435301132976
SchoolSupport=no,Failures=0,0.6886075949367089,0.7906976744186047,1.0010435301132976
"FamilySize=GT3, Internet=yes",SchoolSupport=no,0.5164556962025316,0.8717948717948717,1.0010435301132974
"FamilySize=GT3, Internet=yes",Failures=0,0.46835443037974683,0.7905982905982906,1.0009177076484768
FamilySize=GT3,HigherEducation=yes,0.6759493670886076,0.9501779359430605,1.0008540925266904
HigherEducation=yes,FamilySize=GT3,0.6759493670886076,0.7120000000000001,1.0008540925266904
"FamilySupport=yes, Sex=M",HigherEducation=yes,0.24050632911392406,0.95,1.0006666666666666
"Result=Pass, School=GP",FamilySize=GT3,0.4253164556962025,0.711864406779661,1.0006634899571747
"Absences=Low, HigherEducation=yes",SchoolSupport=no,0.37721518987341773,0.8713450292397662,1.000526995784034
"Failures=0, FamilySize=GT3",Internet=yes,0.46835443037974683,0.8333333333333334,1.0005065856129687
FamilySize=LE3,Internet=yes,0.24050632911392406,0.8333333333333334,1.0005065856129687
"Activities=yes, Sex=F",Internet=yes,0.20253164556962025,0.8333333333333334,1.0005065856129687
"G2Level=Medium, Sex=F",Internet=yes,0.20253164556962025,0.8333333333333334,1.0005065856129687
"Activities=yes, Romantic=no",Internet=yes,0.27848101265822783,0.8333333333333333,1.0005065856129685
"Absences=Medium, School=GP",Internet=yes,0.26582278481012656,0.8333333333333333,1.0005065856129685
"G1Level=Medium, HigherEducation=yes",School=GP,0.4050632911392405,0.8839779005524862,1.0004907470436448
"Failures=0, G2Level=Medium",School=GP,0.3468354430379747,0.8838709677419355,1.0003697199371475
"FamilySize=GT3, SchoolSupport=no",Failures=0,0.4860759493670886,0.7901234567901235,1.0003165558721114
Activities=no,"Internet=yes, SchoolSupport=no",0.3569620253164557,0.7268041237113402,1.0003053270591615
FamilySize=GT3,Failures=0,0.5620253164556962,0.7900355871886121,1.0002053107035314
Failures=0,FamilySize=GT3,0.5620253164556962,0.7115384615384616,1.0002053107035314
"FamilySupport=yes, Sex=M",Failures=0,0.2,0.79,1.0001602564102565
Activities=yes,FamilySize=GT3,0.3620253164556962,0.7114427860696516,1.0000708202758448
"Address=U, Romantic=yes",School=GP,0.23037974683544304,0.883495145631068,0.9999443625337302
Activities=no,FamilySize=GT3,0.3493670886075949,0.7113402061855669,0.999926624353377
"FamilySize=GT3, SchoolSupport=no",Result=Pass,0.41265822784810124,0.6707818930041153,0.9998447084400963
G2Level=Medium,"FamilySize=GT3, HigherEducation=yes",0.31139240506329113,0.6758241758241758,0.9998147919496232
"FamilySupport=yes, Result=Pass",Address=U,0.30886075949367087,0.7770700636942675,0.999813274134318
FamilySize=GT3,Internet=yes,0.5924050632911393,0.8327402135231318,0.9997944812815716
Internet=yes,FamilySize=GT3,0.5924050632911393,0.7112462006079028,0.9997944812815714
"Activities=no, School=GP",Result=Pass,0.27848101265822783,0.6707317073170731,0.9997699033594108
Activities=yes,"Internet=yes, SchoolSupport=no",0.369620253164557,0.7263681592039801,0.9997053062215058
Absences=Low,"School=GP, SchoolSupport=no",0.3493670886075949,0.7540983606557377,0.9995599075805919
FamilySize=LE3,Failures=0,0.22784810126582278,0.7894736842105263,0.9994939271255061
"Result=Pass, Romantic=no",Internet=yes,0.389873417721519,0.8324324324324325,0.9994249568717655
"Activities=yes, Failures=0",SchoolSupport=no,0.3569620253164557,0.8703703703703703,0.9994078380706287
"Address=U, FamilySize=LE3",School=GP,0.21012658227848102,0.8829787234042554,0.999359873193928
"FamilySize=GT3, Internet=yes",HigherEducation=yes,0.5620253164556962,0.9487179487179487,0.9993162393162394
"Result=Fail, Romantic=no",HigherEducation=yes,0.18734177215189873,0.9487179487179487,0.9993162393162394
"FamilySize=GT3, StudyTime=2-5 hrs",SchoolSupport=no,0.28860759493670884,0.8702290076335878,0.9992455174862418
FamilySize=GT3,"Internet=yes, SchoolSupport=no",0.5164556962025316,0.7259786476868327,0.9991692189418081
"Internet=yes, SchoolSupport=no",FamilySize=GT3,0.5164556962025316,0.7108013937282229,0.999169218941808
"Absences=Medium, Internet=yes",FamilySize=GT3,0.21772151898734177,0.7107438016528925,0.9990882621099378
"Absences=Low, Result=Pass",FamilySize=GT3,0.21772151898734177,0.7107438016528925,0.9990882621099378
"G1Level=Low, Romantic=no",HigherEducation=yes,0.23291139240506328,0.9484536082474226,0.9990378006872852
"Activities=no, FamilySupport=yes",Internet=yes,0.25063291139240507,0.8319327731092437,0.9988250619396696
"Result=Fail, School=GP",Internet=yes,0.2379746835443038,0.8318584070796459,0.9987357774968393
"Failures=0, SchoolSupport=no",School=GP,0.6075949367088608,0.8823529411764706,0.998651609640991
School=GP,"Failures=0, SchoolSupport=no",0.6075949367088608,0.6876790830945558,0.998651609640991
"G1Level=Low, StudyTime=2-5 hrs",HigherEducation=yes,0.1848101265822785,0.948051948051948,0.9986147186147186
"Activities=yes, School=GP",Romantic=no,0.31139240506329113,0.6648648648648648,0.998561298941527
G2Level=Medium,Romantic=no,0.30632911392405066,0.6648351648351649,0.9985166924330424
"Activities=no, FamilySize=GT3",SchoolSupport=no,0.3037974683544304,0.8695652173913044,0.9984833164812944
"Failures=0, Romantic=yes",HigherEducation=yes,0.23037974683544304,0.9479166666666667,0.9984722222222223
"Absences=Low, StudyTime=2-5 hrs",HigherEducation=yes,0.23037974683544304,0.9479166666666667,0.9984722222222223
"G2Level=Medium, HigherEducation=yes",Romantic=no,0.29620253164556964,0.6647727272727273,0.9984229173867958
"Internet=yes, SchoolSupport=no",HigherEducation=yes,0.6886075949367089,0.9477351916376306,0.998281068524971
HigherEducation=yes,"Internet=yes, SchoolSupport=no",0.6886075949367089,0.7253333333333334,0.998281068524971
Internet=yes,"FamilySize=GT3, HigherEducation=yes",0.5620253164556962,0.6747720364741642,0.9982582562070967
"FamilySize=GT3, HigherEducation=yes",Internet=yes,0.5620253164556962,0.8314606741573033,0.9982582562070966
Romantic=no,"HigherEducation=yes, SchoolSupport=no",0.5468354430379747,0.8212927756653993,0.9981866042702544
"HigherEducation=yes, SchoolSupport=no",Romantic=no,0.5468354430379747,0.6646153846153846,0.9981866042702544
"Failures=0, StudyTime=2-5 hrs",Romantic=no,0.26582278481012656,0.6645569620253163,0.9980988593155892
Address=U,Romantic=no,0.5164556962025316,0.6644951140065146,0.9980059697056018
Romantic=no,Address=U,0.5164556962025316,0.7756653992395437,0.9980059697056017
"FamilySize=GT3, Sex=F",Address=U,0.30632911392405066,0.7756410256410257,0.9979746095381274
FamilySize=LE3,HigherEducation=yes,0.27341772151898736,0.9473684210526316,0.9978947368421054
SchoolSupport=no,"HigherEducation=yes, Internet=yes",0.6886075949367089,0.7906976744186047,0.9978453079723606
"HigherEducation=yes, Internet=yes",SchoolSupport=no,0.6886075949367089,0.8690095846645367,0.9978453079723605
"Romantic=no, SchoolSupport=no",FamilySize=GT3,0.40253164556962023,0.7098214285714285,0.9977916878495169
G2Level=Medium,"School=GP, SchoolSupport=no",0.3468354430379747,0.7527472527472527,0.997769009513976
"Address=U, School=GP",FamilySize=GT3,0.5139240506329114,0.7097902097902098,0.9977478037976258
FamilySize=GT3,"Address=U, School=GP",0.5139240506329114,0.7224199288256227,0.9977478037976257
"FamilySupport=yes, Sex=F",Internet=yes,0.29873417721518986,0.8309859154929577,0.9976882572027912
"Failures=0, HigherEducation=yes",SchoolSupport=no,0.6708860759493671,0.8688524590163935,0.9976648875333589
SchoolSupport=no,"Failures=0, HigherEducation=yes",0.6708860759493671,0.7703488372093024,0.9976648875333588
StudyTime=2-5 hrs,"Failures=0, SchoolSupport=no",0.34430379746835443,0.6868686868686869,0.9974747474747474
"FamilySize=GT3, StudyTime=2-5 hrs",Romantic=no,0.22025316455696203,0.6641221374045801,0.9974457957217079
StudyTime=<2 hrs,"School=GP, SchoolSupport=no",0.2,0.7523809523809525,0.997283477149249
"FamilySupport=yes, G1Level=Medium",SchoolSupport=no,0.25063291139240507,0.868421052631579,0.9971695226438189
"Romantic=yes, SchoolSupport=no",Address=U,0.23544303797468355,0.775,0.9971498371335504
"Failures=0, Sex=F",School=GP,0.37468354430379747,0.8809523809523809,0.9970664483558466
FamilySize=GT3,"HigherEducation=yes, Internet=yes",0.5620253164556962,0.7900355871886121,0.9970097665798779
"HigherEducation=yes, Internet=yes",FamilySize=GT3,0.5620253164556962,0.7092651757188498,0.9970097665798778
"AgeGroup=17-18, SchoolSupport=no",Internet=yes,0.3594936708860759,0.8304093567251462,0.9969960361897652
"FamilySize=GT3, SchoolSupport=no",HigherEducation=yes,0.5822784810126582,0.9465020576131687,0.9969821673525378
G2Level=Medium,SchoolSupport=no,0.4,0.8681318681318682,0.9968374648607208
"FamilySupport=yes, G2Level=Medium",Romantic=no,0.189873417721519,0.6637168141592921,0.9968370402772637
"Absences=Low, SchoolSupport=no",Result=Pass,0.2708860759493671,0.6687500000000001,0.9968160377358491
HigherEducation=yes,"School=GP, SchoolSupport=no",0.7139240506329114,0.7520000000000001,0.996778523489933
"School=GP, SchoolSupport=no",HigherEducation=yes,0.7139240506329114,0.9463087248322147,0.9967785234899329
"FamilySize=GT3, SchoolSupport=no",School=GP,0.5417721518987342,0.8806584362139919,0.9967337601848905
"FamilySupport=yes, G1Level=Low",HigherEducation=yes,0.22278481012658227,0.9462365591397849,0.9967025089605734
Activities=no,"Address=U, School=GP",0.35443037974683544,0.7216494845360825,0.9966837286424916
"Address=U, FamilySize=LE3",Failures=0,0.18734177215189873,0.7872340425531915,0.996658483360611
FamilySupport=no,"Failures=0, SchoolSupport=no",0.26582278481012656,0.6862745098039215,0.996611880046136
"Absences=Medium, Romantic=no",Address=U,0.2,0.7745098039215687,0.996519128824168
G1Level=Low,School=GP,0.31645569620253167,0.8802816901408452,0.9963073570362001
"FamilySupport=no, Romantic=no",FamilySize=GT3,0.1848101265822785,0.7087378640776699,0.9962685277960128
"FamilySupport=yes, G1Level=Low",Address=U,0.18227848101265823,0.7741935483870968,0.9961122202374697
"FamilySupport=yes, G2Level=Low",HigherEducation=yes,0.22025316455696203,0.9456521739130436,0.9960869565217393
"AgeGroup=17-18, StudyTime=2-5 hrs",HigherEducation=yes,0.22025316455696203,0.9456521739130436,0.9960869565217393
Sex=M,"Failures=0, School=GP",0.3341772151898734,0.7058823529411764,0.995798319327731
Sex=F,School=GP,0.46329113924050636,0.8798076923076923,0.9957708838439496
Absences=Low,School=GP,0.40759493670886077,0.8797814207650273,0.9957411495764635
"Failures=0, HigherEducation=yes",FamilySize=GT3,0.5468354430379747,0.7081967213114755,0.9955078466833908
FamilySize=GT3,"Failures=0, HigherEducation=yes",0.5468354430379747,0.7686832740213523,0.9955078466833907
"G2Level=Low, Romantic=no",HigherEducation=yes,0.21772151898734177,0.945054945054945,0.9954578754578755
"Romantic=no, SchoolSupport=no",School=GP,0.49873417721518987,0.8794642857142857,0.9953822144903806
"Absences=Low, Address=U",HigherEducation=yes,0.3468354430379747,0.9448275862068966,0.9952183908045977
"G2Level=Medium, Result=Pass",School=GP,0.38734177215189874,0.8793103448275862,0.9952079834008496
"Internet=yes, Romantic=yes",School=GP,0.2582278481012658,0.8793103448275862,0.9952079834008496
"Romantic=yes, School=GP",FamilySize=GT3,0.20253164556962025,0.7079646017699114,0.995181557648096
SchoolSupport=no,HigherEducation=yes,0.8227848101265823,0.9447674418604652,0.9951550387596901
HigherEducation=yes,SchoolSupport=no,0.8227848101265823,0.8666666666666668,0.9951550387596901
"G1Level=Medium, School=GP",SchoolSupport=no,0.3620253164556962,0.8666666666666666,0.9951550387596898
Absences=Medium,Internet=yes,0.30632911392405066,0.8287671232876712,0.9950243577465961
"FamilySize=GT3, Romantic=yes",School=GP,0.20253164556962025,0.8791208791208791,0.9949935451368116
"G2Level=Medium, Internet=yes",FamilySize=GT3,0.2759493670886076,0.7077922077922079,0.9949392244765911
Address=U,SchoolSupport=no,0.6734177215189874,0.8664495114006515,0.9949056889629574
SchoolSupport=no,Address=U,0.6734177215189874,0.7732558139534884,0.9949056889629574
"FamilySize=GT3, School=GP",HigherEducation=yes,0.6025316455696202,0.9444444444444445,0.9948148148148149
"Address=U, AgeGroup=17-18",HigherEducation=yes,0.3012658227848101,0.9444444444444445,0.9948148148148149
"G1Level=Medium, Sex=M",HigherEducation=yes,0.21518987341772153,0.9444444444444445,0.9948148148148149
"AgeGroup=17-18, Romantic=no",HigherEducation=yes,0.2582278481012658,0.9444444444444443,0.9948148148148147
"HigherEducation=yes, SchoolSupport=no",FamilySize=GT3,0.5822784810126582,0.7076923076923076,0.9947987955105392
FamilySize=GT3,"HigherEducation=yes, SchoolSupport=no",0.5822784810126582,0.8185053380782917,0.9947987955105391
"FamilySupport=no, HigherEducation=yes",Address=U,0.2759493670886076,0.7730496453900709,0.9946404232217525
"Address=U, G1Level=Low",FamilySize=GT3,0.189873417721519,0.7075471698113208,0.9945947760692944
"Result=Pass, Romantic=no",Address=U,0.3620253164556962,0.772972972972973,0.9945417730434016
G1Level=Medium,FamilySize=GT3,0.3367088607594937,0.7074468085106383,0.994453698796093
Address=R,"HigherEducation=yes, SchoolSupport=no",0.18227848101265823,0.8181818181818182,0.9944055944055944
"FamilySize=LE3, School=GP",SchoolSupport=no,0.21265822784810126,0.8659793814432989,0.9943658595061136
StudyTime=2-5 hrs,"HigherEducation=yes, Internet=yes",0.3949367088607595,0.7878787878787878,0.9942879271952754
"FamilySupport=yes, StudyTime=2-5 hrs",Internet=yes,0.2683544303797468,0.8281249999999999,0.9942534194528874
"Activities=no, School=GP",SchoolSupport=no,0.3594936708860759,0.8658536585365854,0.9942214974475326
StudyTime=2-5 hrs,"Internet=yes, School=GP",0.37468354430379747,0.7474747474747475,0.9941162466414992
"G1Level=Medium, HigherEducation=yes",FamilySize=GT3,0.3240506329113924,0.7071823204419889,0.9940819095180983
"Address=U, FamilySize=GT3",HigherEducation=yes,0.5088607594936709,0.943661971830986,0.9939906103286387
"Activities=no, FamilySupport=yes",SchoolSupport=no,0.2607594936708861,0.865546218487395,0.9938684776236076
"Failures=0, G1Level=Medium",School=GP,0.36455696202531646,0.8780487804878049,0.9937801383744496
"FamilySupport=yes, Romantic=yes",School=GP,0.18227848101265823,0.8780487804878049,0.9937801383744496
"Result=Pass, Sex=F",Romantic=no,0.22278481012658227,0.6616541353383458,0.993739100603219
Activities=no,"Address=U, HigherEducation=yes",0.3620253164556962,0.7371134020618556,0.9937194328137644
"FamilySize=GT3, School=GP",Result=Pass,0.4253164556962025,0.6666666666666667,0.9937106918238995
"FamilySize=GT3, Internet=yes",Result=Pass,0.3949367088607595,0.6666666666666666,0.9937106918238993
"Romantic=no, SchoolSupport=no",Address=U,0.4379746835443038,0.7723214285714285,0.9937034667287109
"Absences=Medium, FamilySize=GT3",SchoolSupport=no,0.22784810126582278,0.8653846153846153,0.993682915921288
"G2Level=Medium, Result=Pass",FamilySize=GT3,0.31139240506329113,0.7068965517241379,0.993680206160265
"Internet=yes, Romantic=yes",FamilySize=GT3,0.20759493670886076,0.7068965517241379,0.993680206160265
"SchoolSupport=no, Sex=M",School=GP,0.3822784810126582,0.877906976744186,0.9936196441660557
"Activities=yes, HigherEducation=yes",Romantic=no,0.3265822784810127,0.6615384615384615,0.9935653699912255
"Activities=no, Failures=0",FamilySize=GT3,0.2683544303797468,0.7066666666666666,0.9933570581257413
G1Level=Medium,School=GP,0.4177215189873418,0.8776595744680852,0.9933396329939645
"Result=Pass, SchoolSupport=no",School=GP,0.5265822784810127,0.8776371308016878,0.9933142311365807
Romantic=no,"HigherEducation=yes, Internet=yes",0.5240506329113924,0.7870722433460077,0.9932700834558243
"HigherEducation=yes, Internet=yes",Romantic=no,0.5240506329113924,0.6613418530351438,0.9932700834558243
"Activities=yes, Sex=M",HigherEducation=yes,0.25063291139240507,0.942857142857143,0.9931428571428573
"HigherEducation=yes, Sex=F",School=GP,0.4531645569620253,0.8774509803921569,0.9931035451429855
"Failures=0, FamilySize=GT3",SchoolSupport=no,0.4860759493670886,0.8648648648648648,0.993086109365179
FamilySupport=yes,Romantic=no,0.4050632911392405,0.6611570247933883,0.9929924897087011
"Absences=Medium, Internet=yes",Romantic=no,0.20253164556962025,0.6611570247933883,0.9929924897087011
"Result=Pass, Sex=F",Internet=yes,0.27848101265822783,0.8270676691729323,0.9929839797061041
FamilySize=GT3,SchoolSupport=no,0.6151898734177215,0.8647686832740212,0.9929756682942976
SchoolSupport=no,FamilySize=GT3,0.6151898734177215,0.7063953488372092,0.9929756682942976
"AgeGroup=17-18, FamilySize=GT3",HigherEducation=yes,0.2911392405063291,0.9426229508196722,0.9928961748633881
"School=GP, SchoolSupport=no",Romantic=no,0.49873417721518987,0.6610738255033557,0.992867532600097
Romantic=no,"School=GP, SchoolSupport=no",0.49873417721518987,0.7490494296577946,0.9928675326000969
"HigherEducation=yes, Romantic=no",Address=U,0.4962025316455696,0.7716535433070866,0.9928441355254045
"Absences=Low, HigherEducation=yes",School=GP,0.379746835443038,0.8771929824561404,0.9928115417483537
"Absences=Medium, FamilySize=GT3",Internet=yes,0.21772151898734177,0.8269230769230769,0.9928103811082534
"Activities=yes, Failures=0",Address=U,0.31645569620253167,0.7716049382716049,0.992781598101902
"FamilySize=GT3, Sex=M",Failures=0,0.2481012658227848,0.7839999999999999,0.9925641025641024
"G1Level=Medium, Sex=F",Internet=yes,0.20506329113924052,0.826530612244898,0.9923391849140872
"Failures=0, Sex=F",Romantic=no,0.2810126582278481,0.6607142857142857,0.9923275393807713
"Failures=0, SchoolSupport=no",FamilySize=GT3,0.4860759493670886,0.7058823529411764,0.9922545530667782
FamilySize=GT3,"Failures=0, SchoolSupport=no",0.4860759493670886,0.6832740213523131,0.9922545530667781
"G2Level=Medium, Sex=M",HigherEducation=yes,0.20506329113924052,0.9418604651162792,0.9920930232558142
"Romantic=no, Sex=M",Failures=0,0.26582278481012656,0.7835820895522387,0.9920350172215843
"Romantic=no, School=GP",Internet=yes,0.4936708860759494,0.8262711864406781,0.9920277162433673
"Address=U, Romantic=yes",HigherEducation=yes,0.24556962025316456,0.941747572815534,0.9919741100323626
"FamilySupport=no, Romantic=no",HigherEducation=yes,0.24556962025316456,0.941747572815534,0.9919741100323626
"Address=U, FamilySize=GT3",SchoolSupport=no,0.46582278481012657,0.863849765258216,0.9919205153401027
"Activities=no, FamilySize=GT3",Internet=yes,0.28860759493670884,0.8260869565217391,0.9918065283467689
"FamilySupport=yes, G2Level=Low",Internet=yes,0.19240506329113924,0.8260869565217391,0.9918065283467689
"G2Level=Medium, Sex=F",Address=U,0.18734177215189873,0.7708333333333334,0.9917888165038002
"G1Level=Low, Romantic=no",School=GP,0.21518987341772153,0.8762886597938144,0.9917880246950048
"G2Level=Medium, HigherEducation=yes",SchoolSupport=no,0.3848101265822785,0.8636363636363636,0.9916754756871037
"Sex=F, StudyTime=2-5 hrs",School=GP,0.25063291139240507,0.8761061946902654,0.9915815097497273
SchoolSupport=no,"Address=U, HigherEducation=yes",0.640506329113924,0.7354651162790697,0.9914973410588143
"Address=U, HigherEducation=yes",SchoolSupport=no,0.640506329113924,0.863481228668942,0.9914973410588142
"Address=U, Failures=0",SchoolSupport=no,0.5443037974683544,0.8634538152610441,0.9914658634538153
"G1Level=Low, HigherEducation=yes",School=GP,0.28607594936708863,0.875968992248062,0.9914262233180071
"Activities=yes, AgeGroup=17-18",HigherEducation=yes,0.20253164556962025,0.9411764705882353,0.9913725490196079
"SchoolSupport=no, Sex=F",Internet=yes,0.3594936708860759,0.8255813953488371,0.9911995476072665
"Failures=0, Result=Pass",FamilySize=GT3,0.4177215189873418,0.7051282051282051,0.9911944520485445
Activities=no,Result=Pass,0.3265822784810127,0.6649484536082475,0.9911495817934255
"Absences=Low, Romantic=no",Internet=yes,0.26329113924050634,0.8253968253968255,0.9909779514642737
Absences=Medium,SchoolSupport=no,0.3189873417721519,0.8630136986301369,0.9909604969735584
"Absences=Low, FamilySize=GT3",HigherEducation=yes,0.32151898734177214,0.9407407407407408,0.9909135802469137
"G1Level=Medium, SchoolSupport=no",FamilySize=GT3,0.29620253164556964,0.7048192771084337,0.9907601938001115
"FamilySize=LE3, SchoolSupport=no",HigherEducation=yes,0.24050632911392406,0.9405940594059407,0.9907590759075908
"FamilySupport=yes, Sex=M",Address=U,0.1949367088607595,0.77,0.9907166123778501
StudyTime=<2 hrs,FamilySize=GT3,0.18734177215189873,0.7047619047619048,0.9906795458396882
Romantic=yes,"Address=U, HigherEducation=yes",0.24556962025316456,0.7348484848484849,0.9906660461267971
"Internet=yes, StudyTime=2-5 hrs",Result=Pass,0.2708860759493671,0.6645962732919255,0.9906246337747568
"FamilySupport=yes, G2Level=Medium",Address=U,0.22025316455696203,0.7699115044247787,0.9906027499927934
"Activities=no, Romantic=no",SchoolSupport=no,0.28607594936708863,0.8625954198473283,0.990480205929345
"Romantic=no, Sex=M",HigherEducation=yes,0.3189873417721519,0.9402985074626866,0.99044776119403
"Result=Pass, StudyTime=2-5 hrs",School=GP,0.28354430379746837,0.875,0.9903295128939827
"Absences=Medium, FamilySize=GT3",School=GP,0.23037974683544304,0.875,0.9903295128939827
"Absences=Low, StudyTime=2-5 hrs",School=GP,0.21265822784810126,0.875,0.9903295128939827
"FamilySize=GT3, Result=Fail",School=GP,0.21265822784810126,0.875,0.9903295128939827
"Absences=Low, Sex=F",Internet=yes,0.20253164556962025,0.8247422680412371,0.9901920847303606
"Address=U, Result=Fail",Internet=yes,0.20253164556962025,0.8247422680412371,0.9901920847303606
Result=Fail,"FamilySize=GT3, HigherEducation=yes",0.22025316455696203,0.6692307692307693,0.9900605012964564
"AgeGroup=17-18, Result=Pass",Internet=yes,0.2379746835443038,0.8245614035087719,0.9899749373433584
Activities=no,"HigherEducation=yes, SchoolSupport=no",0.4,0.8144329896907216,0.9898493259318001
G1Level=Low,"FamilySize=GT3, HigherEducation=yes",0.24050632911392406,0.6690140845070424,0.989739937753864
"Activities=yes, HigherEducation=yes",Address=U,0.379746835443038,0.7692307692307693,0.9897268854923578
"Internet=yes, Result=Fail",Address=U,0.20253164556962025,0.7692307692307692,0.9897268854923577
"Absences=Low, Internet=yes",HigherEducation=yes,0.35443037974683544,0.9395973154362416,0.9897091722595078
Sex=M,"Address=U, School=GP",0.3392405063291139,0.7165775401069517,0.9896787704274334
Absences=Low,"HigherEducation=yes, SchoolSupport=no",0.37721518987341773,0.8142076502732241,0.9895754518705338
"Absences=Medium, Failures=0",SchoolSupport=no,0.2683544303797468,0.8617886178861789,0.9895537908867461
FamilySupport=no,"Internet=yes, SchoolSupport=no",0.27848101265822783,0.718954248366013,0.9895014916535718
"Failures=0, Romantic=no",Internet=yes,0.4506329113924051,0.8240740740740741,0.9893898457728245
"FamilySupport=no, Result=Pass",Internet=yes,0.22531645569620254,0.8240740740740741,0.9893898457728245
FamilySupport=yes,"HigherEducation=yes, SchoolSupport=no",0.49873417721518987,0.8140495867768595,0.9893833439287983
"FamilySupport=no, School=GP",Internet=yes,0.2607594936708861,0.824,0.9893009118541033
"Absences=Medium, HigherEducation=yes",Internet=yes,0.29620253164556964,0.8239436619718311,0.9892332719722592
"FamilySize=GT3, HigherEducation=yes",SchoolSupport=no,0.5822784810126582,0.8614232209737827,0.9891342217576865
SchoolSupport=no,"FamilySize=GT3, HigherEducation=yes",0.5822784810126582,0.6686046511627907,0.9891342217576865
"FamilySupport=yes, Romantic=yes",HigherEducation=yes,0.1949367088607595,0.9390243902439025,0.9891056910569107
"Activities=yes, Sex=F",Failures=0,0.189873417721519,0.7812500000000001,0.9890825320512822
"G2Level=Medium, Romantic=no",Address=U,0.23544303797468355,0.768595041322314,0.988908929388645
"Activities=no, StudyTime=2-5 hrs",School=GP,0.21012658227848102,0.8736842105263158,0.9888402955813603
"FamilySize=LE3, Internet=yes",School=GP,0.21012658227848102,0.8736842105263158,0.9888402955813603
"Address=U, G2Level=Medium",SchoolSupport=no,0.3139240506329114,0.8611111111111112,0.9887758397932818
"FamilySupport=no, Internet=yes",Romantic=no,0.2,0.6583333333333333,0.9887515842839036
"FamilySize=GT3, Romantic=no",Address=U,0.369620253164557,0.768421052631579,0.9886850677181553
"Activities=no, Internet=yes",School=GP,0.3493670886075949,0.8734177215189872,0.9885386819484239
FamilySupport=no,"Address=U, Internet=yes",0.2607594936708861,0.6732026143790849,0.9885317199990281
"Activities=no, Address=U",FamilySize=GT3,0.2759493670886076,0.703225806451613,0.9885202617380325
"Failures=0, G2Level=Medium",FamilySize=GT3,0.2759493670886076,0.703225806451613,0.9885202617380325
"Address=U, FamilySupport=no",Romantic=no,0.1949367088607595,0.6581196581196581,0.9884306652367488
"Failures=0, StudyTime=2-5 hrs",SchoolSupport=no,0.34430379746835443,0.860759493670886,0.9883720930232558
"Absences=Medium, HigherEducation=yes",School=GP,0.3139240506329114,0.8732394366197184,0.9883368981799104
"AgeGroup=17-18, Failures=0",Internet=yes,0.30632911392405066,0.8231292517006804,0.9882554845646467
Romantic=no,"Address=U, Internet=yes",0.4481012658227848,0.6730038022813688,0.9882397840191104
"Address=U, Internet=yes",Romantic=no,0.4481012658227848,0.6579925650557621,0.9882397840191104
"G1Level=Low, Internet=yes",Romantic=no,0.189873417721519,0.6578947368421053,0.9880928557134281
"Address=U, Failures=0",FamilySize=GT3,0.4430379746835443,0.7028112449799196,0.9879375151852963
FamilySupport=yes,"Address=U, SchoolSupport=no",0.40759493670886077,0.6652892561983471,0.9879295345802522
"Failures=0, StudyTime=2-5 hrs",Internet=yes,0.3291139240506329,0.8227848101265822,0.9878419452887537
"FamilySize=GT3, G2Level=Low",School=GP,0.2430379746835443,0.8727272727272727,0.9877572284449074
"Activities=yes, FamilySize=GT3",SchoolSupport=no,0.31139240506329113,0.8601398601398601,0.9876605952187347
"Address=U, StudyTime=2-5 hrs",Result=Pass,0.27341772151898736,0.6625766871165645,0.9876143072114829
"G1Level=Medium, Internet=yes",FamilySize=GT3,0.2810126582278481,0.7025316455696202,0.9875444839857651
"G2Level=Medium, SchoolSupport=no",FamilySize=GT3,0.2810126582278481,0.7025316455696202,0.9875444839857651
"HigherEducation=yes, Romantic=yes",FamilySize=GT3,0.21518987341772153,0.7024793388429752,0.9874709567365665
"Activities=no, Romantic=no",FamilySize=GT3,0.23291139240506328,0.7022900763358778,0.9872049115753442
AgeGroup=17-18,Internet=yes,0.37468354430379747,0.8222222222222223,0.9871664978047958
"Result=Pass, Sex=F",School=GP,0.2936708860759494,0.8721804511278195,0.987138332938363
"G2Level=Medium, Sex=M",School=GP,0.189873417721519,0.8720930232558141,0.9870393816219099
"FamilySupport=no, SchoolSupport=no",Romantic=no,0.23291139240506328,0.6571428571428571,0.9869636067354699
"Activities=no, StudyTime=2-5 hrs",HigherEducation=yes,0.22531645569620254,0.9368421052631579,0.9868070175438597
AgeGroup=17-18,"School=GP, SchoolSupport=no",0.3392405063291139,0.7444444444444445,0.9867636092468307
"Activities=no, SchoolSupport=no",Romantic=no,0.28607594936708863,0.6569767441860466,0.9867141214961536
"Romantic=no, StudyTime=<2 hrs",HigherEducation=yes,0.18734177215189873,0.9367088607594937,0.9866666666666667
"Absences=Low, FamilySize=GT3",SchoolSupport=no,0.2936708860759494,0.8592592592592593,0.9866494401378123
"FamilySize=LE3, SchoolSupport=no",Internet=yes,0.21012658227848102,0.8217821782178218,0.9866381774955612
"G2Level=Medium, School=GP",FamilySize=GT3,0.28607594936708863,0.7018633540372672,0.9866050706217813
"Absences=Medium, HigherEducation=yes",SchoolSupport=no,0.30886075949367087,0.8591549295774648,0.9865296429741238
"Activities=yes, Internet=yes",FamilySize=GT3,0.3037974683544304,0.7017543859649124,0.9864518948617095
"Absences=Low, Internet=yes",SchoolSupport=no,0.3240506329113924,0.8590604026845637,0.9864211019197753
Activities=yes,Romantic=no,0.3341772151898734,0.6567164179104477,0.9863231371658815
Activities=yes,"Address=U, Internet=yes",0.34177215189873417,0.6716417910447761,0.9862398046940021
Romantic=no,"Internet=yes, School=GP",0.4936708860759494,0.7414448669201521,0.9860967085301686
"Internet=yes, School=GP",Romantic=no,0.4936708860759494,0.6565656565656566,0.9860967085301686
"Internet=yes, School=GP",SchoolSupport=no,0.6455696202531646,0.8585858585858586,0.9858762038994597
SchoolSupport=no,"Internet=yes, School=GP",0.6455696202531646,0.7412790697674418,0.9858762038994596
"HigherEducation=yes, StudyTime=2-5 hrs",Internet=yes,0.3949367088607595,0.8210526315789474,0.9857622780355143
"SchoolSupport=no, StudyTime=<2 hrs",Internet=yes,0.19746835443037974,0.8210526315789474,0.9857622780355143
"HigherEducation=yes, Sex=M",Address=U,0.33164556962025316,0.7660818713450293,0.9856753719260148
"FamilySupport=yes, G2Level=Medium",SchoolSupport=no,0.24556962025316456,0.8584070796460176,0.9856709199423749
Absences=Low,Result=Pass,0.30632911392405066,0.6612021857923497,0.9855655222187854
Sex=M,"HigherEducation=yes, Internet=yes",0.369620253164557,0.7807486631016043,0.9852898464061779
"FamilySize=GT3, Sex=F",Internet=yes,0.3240506329113924,0.8205128205128205,0.9851141766035383
"G1Level=Medium, Result=Pass",School=GP,0.3569620253164557,0.8703703703703703,0.985089674201422
"FamilySize=LE3, HigherEducation=yes",School=GP,0.2379746835443038,0.8703703703703703,0.985089674201422
"G2Level=Medium, Internet=yes",Romantic=no,0.25569620253164554,0.6558441558441558,0.985013085773542
"G2Level=Low, StudyTime=2-5 hrs",HigherEducation=yes,0.18227848101265823,0.935064935064935,0.984935064935065
"AgeGroup=17-18, HigherEducation=yes",Internet=yes,0.3468354430379747,0.8203592814371259,0.9849298363758806
"Activities=no, Sex=F",Result=Pass,0.18734177215189873,0.6607142857142857,0.9848382749326144
"School=GP, StudyTime=<2 hrs",Internet=yes,0.1848101265822785,0.8202247191011236,0.9847682797718658
"Address=U, FamilySupport=no",Failures=0,0.23037974683544304,0.7777777777777778,0.9846866096866097
"FamilySize=GT3, FamilySupport=no",Failures=0,0.1949367088607595,0.7777777777777778,0.9846866096866097
"G1Level=Medium, Sex=F",Address=U,0.189873417721519,0.7653061224489797,0.9846772585255601
Sex=F,"Failures=0, SchoolSupport=no",0.3569620253164557,0.6778846153846154,0.9844280260180995
Absences=Low,HigherEducation=yes,0.43291139240506327,0.9344262295081966,0.9842622950819672
"Failures=0, School=GP",SchoolSupport=no,0.6075949367088608,0.8571428571428572,0.9842192691029902
"Absences=Low, Romantic=no",SchoolSupport=no,0.27341772151898736,0.8571428571428572,0.9842192691029902
"G1Level=Medium, Sex=F",SchoolSupport=no,0.21265822784810126,0.8571428571428572,0.9842192691029902
"Activities=no, SchoolSupport=no",Internet=yes,0.3569620253164557,0.8197674418604651,0.9842192691029901
SchoolSupport=no,"Failures=0, School=GP",0.6075949367088608,0.6976744186046512,0.9842192691029901
"Absences=Low, School=GP",SchoolSupport=no,0.3493670886075949,0.8571428571428571,0.98421926910299
"Activities=no, Sex=F",SchoolSupport=no,0.2430379746835443,0.8571428571428571,0.98421926910299
"Activities=no, FamilySize=GT3",School=GP,0.3037974683544304,0.8695652173913044,0.9841783979070637
"Activities=no, HigherEducation=yes",FamilySize=GT3,0.3189873417721519,0.7,0.983985765124555
"Romantic=yes, SchoolSupport=no",FamilySize=GT3,0.21265822784810126,0.7,0.983985765124555
FamilySupport=no,Address=U,0.29620253164556964,0.7647058823529412,0.9839049626365204
"Activities=yes, Result=Pass",Address=U,0.26329113924050634,0.7647058823529412,0.9839049626365204
Sex=M,Address=U,0.3620253164556962,0.7647058823529411,0.9839049626365203
"FamilySize=GT3, Romantic=yes",HigherEducation=yes,0.21518987341772153,0.9340659340659341,0.9838827838827839
Result=Fail,School=GP,0.28607594936708863,0.8692307692307694,0.9837998677540226
AgeGroup=<=16,"Failures=0, SchoolSupport=no",0.3189873417721519,0.6774193548387096,0.9837523719165084
"Address=U, School=GP",SchoolSupport=no,0.620253164556962,0.8566433566433567,0.983645714750366
SchoolSupport=no,"Address=U, School=GP",0.620253164556962,0.7122093023255814,0.983645714750366
"SchoolSupport=no, StudyTime=2-5 hrs",School=GP,0.369620253164557,0.8690476190476192,0.983592577432119
"Failures=0, Romantic=no",SchoolSupport=no,0.46835443037974683,0.8564814814814814,0.983459840654608
"Activities=yes, HigherEducation=yes",SchoolSupport=no,0.42278481012658226,0.8564102564102564,0.9833780560524746
StudyTime=<2 hrs,Internet=yes,0.21772151898734177,0.8190476190476191,0.9833550441453178
"Absences=Low, HigherEducation=yes",Internet=yes,0.35443037974683544,0.8187134502923977,0.9829538384969517
"HigherEducation=yes, Sex=F",Internet=yes,0.42278481012658226,0.8186274509803921,0.982850587043328
"FamilySize=GT3, SchoolSupport=no",Romantic=no,0.40253164556962023,0.654320987654321,0.9827254377317749
Activities=yes,SchoolSupport=no,0.43544303797468353,0.8557213930348258,0.9825870646766168
"G1Level=Medium, G2Level=Medium",School=GP,0.31645569620253167,0.8680555555555556,0.9824697548551417
"FamilySize=GT3, G1Level=Medium",Romantic=no,0.22025316455696203,0.6541353383458647,0.982446610823637
Romantic=yes,"Failures=0, Internet=yes",0.22025316455696203,0.6590909090909091,0.982418524871355
"Absences=Low, Activities=yes",SchoolSupport=no,0.1949367088607595,0.8555555555555556,0.9823966408268735
"G2Level=Medium, HigherEducation=yes",FamilySize=GT3,0.31139240506329113,0.6988636363636364,0.9823883856357165
"Absences=Medium, Internet=yes",School=GP,0.26582278481012656,0.8677685950413222,0.9821449714651067
"Absences=Low, Result=Pass",School=GP,0.26582278481012656,0.8677685950413222,0.9821449714651067
StudyTime=2-5 hrs,"HigherEducation=yes, SchoolSupport=no",0.4050632911392405,0.8080808080808081,0.982128982128982
"Activities=yes, Address=U",SchoolSupport=no,0.3291139240506329,0.8552631578947368,0.9820608935128519
"HigherEducation=yes, SchoolSupport=no",School=GP,0.7139240506329114,0.8676923076923077,0.9820586290500329
School=GP,"HigherEducation=yes, SchoolSupport=no",0.7139240506329114,0.8080229226361031,0.9820586290500329
"Romantic=no, StudyTime=2-5 hrs",Result=Pass,0.21012658227848102,0.6587301587301588,0.9818808026355197
"AgeGroup=17-18, HigherEducation=yes",Result=Pass,0.27848101265822783,0.6586826347305389,0.9818099649757089
"G2Level=Low, Sex=F",School=GP,0.18227848101265823,0.8674698795180722,0.9818068836952393
Sex=F,"Failures=0, Internet=yes",0.3468354430379747,0.6586538461538461,0.9817670537010159
Sex=F,"HigherEducation=yes, SchoolSupport=no",0.4253164556962025,0.8076923076923076,0.9816568047337276
"G1Level=Low, Romantic=no",Address=U,0.18734177215189873,0.7628865979381443,0.9815641895295342
Address=R,HigherEducation=yes,0.20759493670886076,0.9318181818181819,0.9815151515151517
"G2Level=Medium, SchoolSupport=no",School=GP,0.3468354430379747,0.8670886075949367,0.981375358166189
"Absences=Low, School=GP",HigherEducation=yes,0.379746835443038,0.9316770186335405,0.9813664596273294
Result=Pass,FamilySize=GT3,0.46835443037974683,0.6981132075471698,0.9813335123883703
"Failures=0, Internet=yes",FamilySize=GT3,0.46835443037974683,0.6981132075471698,0.9813335123883703
FamilySize=GT3,Result=Pass,0.46835443037974683,0.6583629893238434,0.9813335123883703
FamilySize=GT3,"Failures=0, Internet=yes",0.46835443037974683,0.6583629893238434,0.9813335123883703
"Address=U, FamilySupport=no",HigherEducation=yes,0.2759493670886076,0.9316239316239316,0.9813105413105414
Sex=F,Internet=yes,0.43037974683544306,0.8173076923076923,0.9812660743511807
"G1Level=Low, Result=Fail",Internet=yes,0.21518987341772153,0.8173076923076923,0.9812660743511807
"FamilySize=GT3, G1Level=Low",Internet=yes,0.21518987341772153,0.8173076923076923,0.9812660743511807
"Internet=yes, Romantic=no",SchoolSupport=no,0.4607594936708861,0.8544600938967136,0.981138770608145
Absences=Low,"Internet=yes, School=GP",0.34177215189873417,0.7377049180327868,0.9811227024341778
FamilySize=LE3,"HigherEducation=yes, School=GP",0.2379746835443038,0.8245614035087719,0.9810293806806172
"Absences=Low, SchoolSupport=no",HigherEducation=yes,0.37721518987341773,0.93125,0.9809166666666668
"G1Level=Medium, Sex=M",School=GP,0.19746835443037974,0.8666666666666667,0.9808978032473734
"Activities=no, Failures=0",School=GP,0.3291139240506329,0.8666666666666666,0.9808978032473733
G2Level=Medium,FamilySize=GT3,0.32151898734177214,0.6978021978021978,0.9808963278714168
"AgeGroup=17-18, School=GP",Address=U,0.2759493670886076,0.7622377622377623,0.9807293683515182
"Activities=no, SchoolSupport=no",FamilySize=GT3,0.3037974683544304,0.6976744186046512,0.9807167094264669
"HigherEducation=yes, Result=Pass",FamilySize=GT3,0.45569620253164556,0.6976744186046511,0.9807167094264668
"HigherEducation=yes, StudyTime=2-5 hrs",Result=Pass,0.31645569620253167,0.6578947368421053,0.980635551142006
Activities=no,"Failures=0, SchoolSupport=no",0.33164556962025316,0.6752577319587628,0.980613250454821
"G1Level=Medium, Result=Pass",FamilySize=GT3,0.28607594936708863,0.6975308641975309,0.9805149158648565
SchoolSupport=no,School=GP,0.7544303797468355,0.866279069767442,0.9804591190777637
School=GP,SchoolSupport=no,0.7544303797468355,0.8538681948424068,0.9804591190777637
"G1Level=Medium, G2Level=Medium",Romantic=no,0.2379746835443038,0.6527777777777778,0.9804076890578792
"Activities=yes, Internet=yes",SchoolSupport=no,0.369620253164557,0.8538011695906433,0.9803821569427446
"Activities=yes, Sex=M",Address=U,0.20253164556962025,0.761904761904762,0.9803009151543354
"Activities=no, Sex=F",School=GP,0.24556962025316456,0.8660714285714286,0.980224109701187
"G1Level=Low, G2Level=Low",Romantic=no,0.1949367088607595,0.652542372881356,0.9800541341754205
"SchoolSupport=no, Sex=M",Address=U,0.33164556962025316,0.7616279069767442,0.9799447011590031
"G1Level=Low, School=GP",Internet=yes,0.2582278481012658,0.816,0.9796960486322188
"AgeGroup=17-18, School=GP",HigherEducation=yes,0.3367088607594937,0.9300699300699301,0.9796736596736597
"AgeGroup=17-18, SchoolSupport=no",HigherEducation=yes,0.40253164556962023,0.9298245614035088,0.9794152046783626
"SchoolSupport=no, Sex=F",Result=Pass,0.28607594936708863,0.6569767441860466,0.979267222465994
"Address=U, AgeGroup=17-18",School=GP,0.2759493670886076,0.8650793650793652,0.9791012871242099
"Activities=no, Internet=yes",Romantic=no,0.2607594936708861,0.6518987341772151,0.9790874524714828
"Failures=0, Sex=F",Internet=yes,0.3468354430379747,0.8154761904761906,0.9790671587784051
"SchoolSupport=no, StudyTime=2-5 hrs",Internet=yes,0.3468354430379747,0.8154761904761906,0.9790671587784051
Activities=no,Failures=0,0.379746835443038,0.7731958762886598,0.9788858049167328
"FamilySize=GT3, FamilySupport=no",HigherEducation=yes,0.23291139240506328,0.9292929292929293,0.9788552188552189
StudyTime=2-5 hrs,"Failures=0, Internet=yes",0.3291139240506329,0.6565656565656565,0.9786544692205068
"G2Level=Low, HigherEducation=yes",Romantic=no,0.21772151898734177,0.6515151515151515,0.9785113492337827
"HigherEducation=yes, Romantic=no",Internet=yes,0.5240506329113924,0.8149606299212598,0.9784481727018165
Sex=F,"Internet=yes, School=GP",0.38734177215189874,0.735576923076923,0.9782925407925407
"Absences=Low, FamilySize=GT3",Internet=yes,0.27848101265822783,0.8148148148148148,0.9782731059326804
"Activities=yes, Address=U",Romantic=no,0.25063291139240507,0.6513157894736842,0.9782119271562938
Romantic=no,SchoolSupport=no,0.5670886075949367,0.8517110266159696,0.9779821381200815
SchoolSupport=no,Romantic=no,0.5670886075949367,0.6511627906976745,0.9779821381200814
Activities=no,Internet=yes,0.4,0.8144329896907216,0.9778146836712311
"Activities=no, Internet=yes",Failures=0,0.30886075949367087,0.7721518987341771,0.9775641025641024
Absences=Low,Internet=yes,0.37721518987341773,0.8142076502732241,0.9775441393857858
"Romantic=no, Sex=F",Address=U,0.2481012658227848,0.7596899224806201,0.9774512031916772
StudyTime=2-5 hrs,"School=GP, SchoolSupport=no",0.369620253164557,0.7373737373737375,0.9773913632974036
"G1Level=Low, Result=Fail",Address=U,0.2,0.7596153846153846,0.9773552994237032
Activities=no,HigherEducation=yes,0.45569620253164556,0.9278350515463917,0.977319587628866
"Address=U, Result=Pass",FamilySize=GT3,0.369620253164557,0.6952380952380953,0.9772919844094222
AgeGroup=17-18,HigherEducation=yes,0.42278481012658226,0.9277777777777777,0.9772592592592593
"Address=U, Internet=yes",FamilySize=GT3,0.47341772151898737,0.6951672862453532,0.9771924486367064
FamilySize=GT3,"Address=U, Internet=yes",0.47341772151898737,0.6654804270462633,0.9771924486367064
"G2Level=Medium, School=GP",SchoolSupport=no,0.3468354430379747,0.8509316770186336,0.9770872454138381
"Internet=yes, StudyTime=2-5 hrs",SchoolSupport=no,0.3468354430379747,0.8509316770186336,0.9770872454138381
"FamilySize=GT3, G1Level=Medium",Address=U,0.25569620253164554,0.7593984962406014,0.9770762410913275
"HigherEducation=yes, Result=Fail",School=GP,0.25569620253164554,0.8632478632478631,0.9770283839051744
"Address=U, SchoolSupport=no",Romantic=no,0.4379746835443038,0.650375939849624,0.976800365933846
Romantic=no,"Address=U, SchoolSupport=no",0.4379746835443038,0.6577946768060836,0.9768003659338459
"G1Level=Medium, Romantic=no",Internet=yes,0.2430379746835443,0.8135593220338984,0.9767657513780846
Absences=Medium,School=GP,0.3189873417721519,0.8630136986301369,0.9767633551831062
G2Level=Low,School=GP,0.3189873417721519,0.8630136986301369,0.9767633551831062
"Address=U, StudyTime=2-5 hrs",Romantic=no,0.2683544303797468,0.6503067484662577,0.9766964473162425
FamilySize=LE3,"School=GP, SchoolSupport=no",0.21265822784810126,0.736842105263158,0.9766866831508302
"Activities=no, Failures=0",Internet=yes,0.30886075949367087,0.8133333333333332,0.9764944275582572
"HigherEducation=yes, Romantic=no",SchoolSupport=no,0.5468354430379747,0.8503937007874016,0.9764695110785571
"Activities=no, Romantic=no",School=GP,0.28607594936708863,0.8625954198473283,0.9762899450994117
StudyTime=2-5 hrs,Internet=yes,0.40759493670886077,0.8131313131313131,0.9762518805071997
"Absences=Low, SchoolSupport=no",School=GP,0.3493670886075949,0.8624999999999999,0.9761819484240687
"Result=Pass, Sex=F",SchoolSupport=no,0.28607594936708863,0.849624060150376,0.9755857667424376
"Romantic=no, SchoolSupport=no",Internet=yes,0.4607594936708861,0.8125,0.9754939209726444
"FamilySize=GT3, Result=Fail",Internet=yes,0.19746835443037974,0.8125,0.9754939209726444
"HigherEducation=yes, School=GP",SchoolSupport=no,0.7139240506329114,0.8493975903614458,0.9753257214906137
SchoolSupport=no,"HigherEducation=yes, School=GP",0.7139240506329114,0.8197674418604651,0.9753257214906136
FamilySize=GT3,Address=U,0.5392405063291139,0.7580071174377224,0.9752860305794799
Address=U,FamilySize=GT3,0.5392405063291139,0.6938110749185668,0.9752860305794799
Absences=Low,"HigherEducation=yes, School=GP",0.379746835443038,0.819672131147541,0.9752123247086707
"Activities=yes, G2Level=Medium",Address=U,0.18227848101265823,0.7578947368421053,0.975141436653523
"FamilySize=GT3, School=GP",SchoolSupport=no,0.5417721518987342,0.8492063492063493,0.9751061277224069
"AgeGroup=17-18, Internet=yes",HigherEducation=yes,0.3468354430379747,0.9256756756756758,0.9750450450450452
"G1Level=Medium, SchoolSupport=no",School=GP,0.3620253164556962,0.8614457831325301,0.9749887803362446
Sex=M,Failures=0,0.36455696202531646,0.7700534759358288,0.9749074454956808
"Internet=yes, Result=Pass",FamilySize=GT3,0.3949367088607595,0.6933333333333332,0.9746144721233688
"FamilySupport=yes, HigherEducation=yes",Result=Pass,0.38734177215189874,0.6538461538461539,0.9746008708272859
StudyTime=2-5 hrs,SchoolSupport=no,0.4253164556962025,0.8484848484848485,0.974277660324172
"AgeGroup=17-18, FamilySize=GT3",Internet=yes,0.25063291139240507,0.8114754098360656,0.9742637899247596
"FamilySize=GT3, SchoolSupport=no",Address=U,0.46582278481012657,0.757201646090535,0.9742496749373333
Sex=F,"Address=U, Internet=yes",0.3493670886075949,0.6634615384615383,0.9742279096368314
"G2Level=Low, Result=Fail",School=GP,0.26582278481012656,0.860655737704918,0.9740946028465404
"Address=U, G2Level=Low",Internet=yes,0.21772151898734177,0.8113207547169812,0.9740781097665884
"Address=U, G1Level=Low",Internet=yes,0.21772151898734177,0.8113207547169812,0.9740781097665884
"Address=U, Romantic=no",SchoolSupport=no,0.4379746835443038,0.8480392156862746,0.9737659598723212
"AgeGroup=17-18, Internet=yes",Address=U,0.28354430379746837,0.7567567567567568,0.9736772603222115
Sex=M,"HigherEducation=yes, School=GP",0.38734177215189874,0.8181818181818181,0.9734392113910185
"Failures=0, FamilySupport=yes",SchoolSupport=no,0.42278481012658226,0.8477157360406091,0.9733945224884901
"AgeGroup=17-18, School=GP",FamilySize=GT3,0.25063291139240507,0.6923076923076923,0.973172734738571
"Address=U, FamilySupport=yes",SchoolSupport=no,0.40759493670886077,0.8473684210526315,0.9729957160342717
Activities=yes,Address=U,0.3848101265822785,0.7562189054726367,0.9729852366830342
"Absences=Medium, Failures=0",Address=U,0.23544303797468355,0.7560975609756098,0.9728291093985858
"HigherEducation=yes, Romantic=yes",School=GP,0.26329113924050634,0.859504132231405,0.9727912098321059
"Absences=Medium, FamilySupport=yes",SchoolSupport=no,0.18227848101265823,0.8470588235294118,0.972640218878249
G1Level=Low,"Address=U, School=GP",0.25316455696202533,0.7042253521126761,0.9726189303654094
"Activities=yes, SchoolSupport=no",Address=U,0.3291139240506329,0.7558139534883721,0.972464207257026
"Activities=no, FamilySize=GT3",Failures=0,0.2683544303797468,0.7681159420289855,0.9724544778892604
"FamilySupport=yes, Internet=yes",SchoolSupport=no,0.4481012658227848,0.84688995215311,0.9724463113386002
FamilySize=GT3,"Address=U, SchoolSupport=no",0.46582278481012657,0.6548042704626335,0.9723597249351136
"Address=U, SchoolSupport=no",FamilySize=GT3,0.46582278481012657,0.6917293233082706,0.9723597249351135
Romantic=no,Internet=yes,0.5392405063291139,0.8098859315589354,0.9723554497440106
"Address=R, SchoolSupport=no",HigherEducation=yes,0.18227848101265823,0.9230769230769231,0.9723076923076924
StudyTime=<2 hrs,"HigherEducation=yes, SchoolSupport=no",0.21265822784810126,0.8,0.9723076923076923
"FamilySupport=no, School=GP",Failures=0,0.2430379746835443,0.7679999999999999,0.9723076923076922
"Absences=Low, School=GP",Result=Pass,0.26582278481012656,0.6521739130434782,0.9721082854799014
"Absences=Low, G1Level=Medium",School=GP,0.1848101265822785,0.8588235294117648,0.9720209000505646
"G2Level=Low, School=GP",Internet=yes,0.2582278481012658,0.8095238095238095,0.9719206831668837
"G1Level=Medium, StudyTime=2-5 hrs",School=GP,0.2,0.8586956521739131,0.9718761679332254
"Activities=no, Address=U",HigherEducation=yes,0.3620253164556962,0.9225806451612903,0.9717849462365592
"G2Level=Medium, StudyTime=2-5 hrs",SchoolSupport=no,0.1949367088607595,0.8461538461538461,0.9716010733452594
"FamilySize=GT3, StudyTime=2-5 hrs",Internet=yes,0.2683544303797468,0.8091603053435115,0.9714842571753405
"FamilySupport=no, Internet=yes",School=GP,0.2607594936708861,0.8583333333333333,0.971466093600764
"School=GP, Sex=M",HigherEducation=yes,0.38734177215189874,0.9216867469879518,0.970843373493976
FamilySupport=no,HigherEducation=yes,0.3569620253164557,0.9215686274509804,0.9707189542483661
"Absences=Low, Sex=F",SchoolSupport=no,0.20759493670886076,0.845360824742268,0.9706904818988252
"G2Level=Low, Internet=yes",Address=U,0.21772151898734177,0.7543859649122807,0.9706268929653122
"G1Level=Low, Internet=yes",Address=U,0.21772151898734177,0.7543859649122807,0.9706268929653122
"Romantic=no, StudyTime=2-5 hrs",FamilySize=GT3,0.22025316455696203,0.6904761904761906,0.9705982036942892
"G1Level=Medium, Romantic=no",Address=U,0.22531645569620254,0.7542372881355933,0.9704355987412356
FamilySupport=no,"School=GP, SchoolSupport=no",0.28354430379746837,0.7320261437908497,0.970303110058341
Activities=no,"School=GP, SchoolSupport=no",0.3594936708860759,0.7319587628865979,0.9702137964436448
"G2Level=Medium, StudyTime=2-5 hrs",School=GP,0.19746835443037974,0.8571428571428571,0.9701187065083913
"FamilySupport=yes, Internet=yes",Result=Pass,0.34430379746835443,0.6507177033492823,0.9699377087659112
"Activities=no, School=GP",HigherEducation=yes,0.3822784810126582,0.9207317073170731,0.9698373983739838
Sex=M,"Failures=0, HigherEducation=yes",0.35443037974683544,0.7486631016042781,0.9695800824055404
Absences=Medium,"Address=U, HigherEducation=yes",0.26582278481012656,0.7191780821917807,0.9695404179718545
"Romantic=yes, School=GP",HigherEducation=yes,0.26329113924050634,0.9203539823008849,0.9694395280235989
Romantic=yes,FamilySize=GT3,0.23037974683544304,0.6893939393939394,0.9690768898953953
"FamilySupport=no, School=GP",HigherEducation=yes,0.2911392405063291,0.9199999999999999,0.9690666666666666
"FamilySize=GT3, Sex=M",HigherEducation=yes,0.2911392405063291,0.9199999999999999,0.9690666666666666
Romantic=yes,School=GP,0.28607594936708863,0.8560606060606061,0.9688938091516888
"G2Level=Low, HigherEducation=yes",School=GP,0.28607594936708863,0.8560606060606061,0.9688938091516888
"FamilySupport=yes, StudyTime=2-5 hrs",SchoolSupport=no,0.27341772151898736,0.84375,0.9688408430232558
"G1Level=Low, G2Level=Low",School=GP,0.25569620253164554,0.8559322033898304,0.9687484823466562
"FamilySize=GT3, HigherEducation=yes",Address=U,0.5088607594936709,0.752808988764045,0.9685978845661165
Address=U,"FamilySize=GT3, HigherEducation=yes",0.5088607594936709,0.6547231270358307,0.9685978845661165
"AgeGroup=17-18, FamilySupport=yes",School=GP,0.22531645569620254,0.8557692307692307,0.968564029094115
"G1Level=Low, Result=Fail",School=GP,0.22531645569620254,0.8557692307692307,0.968564029094115
"Failures=0, FamilySize=LE3",School=GP,0.1949367088607595,0.8555555555555556,0.9683221903852277
FamilySize=LE3,"Internet=yes, School=GP",0.21012658227848102,0.7280701754385965,0.9683088191860122
"Activities=yes, School=GP",SchoolSupport=no,0.3949367088607595,0.8432432432432433,0.9682589566310498
"FamilySupport=yes, G1Level=Low",Internet=yes,0.189873417721519,0.8064516129032259,0.9682321796254536
"HigherEducation=yes, StudyTime=<2 hrs",Internet=yes,0.189873417721519,0.8064516129032259,0.9682321796254536
"Absences=Medium, Romantic=no",SchoolSupport=no,0.21772151898734177,0.8431372549019608,0.9681372549019608
"AgeGroup=17-18, HigherEducation=yes",FamilySize=GT3,0.2911392405063291,0.688622754491018,0.96799283994289
FamilySupport=yes,SchoolSupport=no,0.5164556962025316,0.8429752066115701,0.9679511820103784
"G2Level=Medium, Romantic=no",SchoolSupport=no,0.2582278481012658,0.8429752066115701,0.9679511820103784
"HigherEducation=yes, Result=Fail",Address=U,0.22278481012658227,0.752136752136752,0.9677329547036385
"Absences=Medium, Internet=yes",Address=U,0.23037974683544304,0.7520661157024793,0.9676420706921149
"Activities=no, SchoolSupport=no",HigherEducation=yes,0.4,0.9186046511627908,0.9675968992248063
"SchoolSupport=no, Sex=F",School=GP,0.3721518987341772,0.8546511627906976,0.9672985939894715
"Internet=yes, Sex=M",HigherEducation=yes,0.369620253164557,0.918238993710692,0.9672117400419289
"Activities=no, HigherEducation=yes",Internet=yes,0.3670886075949367,0.8055555555555556,0.9671563660925363
"HigherEducation=yes, StudyTime=2-5 hrs",SchoolSupport=no,0.4050632911392405,0.8421052631578947,0.9669522643818849
"Sex=F, StudyTime=2-5 hrs",Internet=yes,0.23037974683544304,0.8053097345132743,0.9668612314065147
"Result=Pass, SchoolSupport=no",FamilySize=GT3,0.41265822784810124,0.6877637130801688,0.966785290628707
"FamilySupport=yes, HigherEducation=yes",SchoolSupport=no,0.49873417721518987,0.8418803418803418,0.9666939972172529
"Activities=no, Internet=yes",HigherEducation=yes,0.3670886075949367,0.9177215189873418,0.9666666666666667
"Address=U, G2Level=Medium",FamilySize=GT3,0.25063291139240507,0.6875,0.9664145907473309
"FamilySupport=yes, StudyTime=2-5 hrs",FamilySize=GT3,0.22278481012658227,0.6875,0.9664145907473309
"Absences=Medium, School=GP",SchoolSupport=no,0.2683544303797468,0.8412698412698413,0.9659929863418236
"AgeGroup=17-18, StudyTime=2-5 hrs",Internet=yes,0.18734177215189873,0.8043478260869565,0.9657063565481697
"Activities=yes, Romantic=no",SchoolSupport=no,0.2810126582278481,0.8409090909090909,0.9655787526427062
Romantic=yes,HigherEducation=yes,0.30632911392405066,0.9166666666666667,0.9655555555555557
"FamilySupport=no, Internet=yes",HigherEducation=yes,0.27848101265822783,0.9166666666666666,0.9655555555555556
Absences=Low,"HigherEducation=yes, Internet=yes",0.35443037974683544,0.7650273224043715,0.9654498158138235
"Absences=Low, FamilySupport=yes",SchoolSupport=no,0.24050632911392406,0.8407079646017699,0.9653478081909858
AgeGroup=17-18,"Address=U, SchoolSupport=no",0.29620253164556964,0.65,0.9652255639097744
"Activities=no, Result=Pass",School=GP,0.27848101265822783,0.8527131782945735,0.9651051731414226
"Address=U, StudyTime=2-5 hrs",SchoolSupport=no,0.3468354430379747,0.8404907975460123,0.965098444856613
"Activities=yes, Romantic=no",Address=U,0.25063291139240507,0.75,0.9649837133550488
"Activities=yes, Sex=F",Address=U,0.18227848101265823,0.75,0.9649837133550488
"FamilySupport=no, SchoolSupport=no",Address=U,0.26582278481012656,0.7499999999999999,0.9649837133550486
"Address=U, Sex=M",HigherEducation=yes,0.33164556962025316,0.916083916083916,0.9649417249417249
"Activities=no, Sex=F",Internet=yes,0.22784810126582278,0.8035714285714285,0.9647742075553625
"Activities=no, AgeGroup=17-18",HigherEducation=yes,0.22025316455696203,0.9157894736842105,0.9646315789473684
FamilySize=GT3,"Address=U, HigherEducation=yes",0.5088607594936709,0.7153024911032029,0.9643156450026115
"Address=U, HigherEducation=yes",FamilySize=GT3,0.5088607594936709,0.6860068259385667,0.9643156450026115
"SchoolSupport=no, Sex=M",Failures=0,0.33164556962025316,0.7616279069767442,0.9642404591532499
"Activities=no, SchoolSupport=no",Failures=0,0.33164556962025316,0.7616279069767442,0.9642404591532499
G1Level=Low,Internet=yes,0.28860759493670884,0.8028169014084507,0.9638683162806627
"Failures=0, Sex=F",SchoolSupport=no,0.3569620253164557,0.8392857142857143,0.9637147009966778
"G1Level=Low, G2Level=Low",SchoolSupport=no,0.25063291139240507,0.8389830508474577,0.9633671659440285
Sex=M,HigherEducation=yes,0.43291139240506327,0.9144385026737967,0.9632085561497326
"Absences=Medium, Address=U",FamilySize=GT3,0.18734177215189873,0.6851851851851851,0.9631606695663634
"FamilySupport=no, SchoolSupport=no",HigherEducation=yes,0.3240506329113924,0.9142857142857143,0.963047619047619
FamilySize=LE3,School=GP,0.24556962025316456,0.8508771929824562,0.9630271954959031
"G1Level=Low, SchoolSupport=no",School=GP,0.24556962025316456,0.8508771929824562,0.9630271954959031
"Absences=Low, Activities=no",HigherEducation=yes,0.21518987341772153,0.9139784946236559,0.9627240143369176
"Activities=no, G2Level=Medium",School=GP,0.18734177215189873,0.8505747126436781,0.9626848466884036
Absences=Low,"Internet=yes, SchoolSupport=no",0.3240506329113924,0.6994535519125683,0.9626625540260086
"Internet=yes, Romantic=yes",HigherEducation=yes,0.2683544303797468,0.9137931034482758,0.9625287356321839
"Romantic=no, StudyTime=2-5 hrs",Internet=yes,0.25569620253164554,0.8015873015873015,0.9623920490181888
Absences=Medium,"School=GP, SchoolSupport=no",0.2683544303797468,0.7260273972602739,0.9623517514020409
"FamilySize=GT3, G1Level=Low",HigherEducation=yes,0.24050632911392406,0.9134615384615384,0.9621794871794872
"FamilySupport=no, Romantic=no",Address=U,0.1949367088607595,0.7475728155339806,0.9618607887163594
"Activities=yes, Address=U",FamilySize=GT3,0.26329113924050634,0.6842105263157895,0.9617905974901667
"Activities=no, FamilySize=GT3",HigherEducation=yes,0.3189873417721519,0.9130434782608696,0.9617391304347828
Result=Fail,"Internet=yes, School=GP",0.2379746835443038,0.7230769230769231,0.9616679616679616
"SchoolSupport=no, Sex=M",HigherEducation=yes,0.39746835443037976,0.9127906976744187,0.9614728682170544
"HigherEducation=yes, StudyTime=<2 hrs",School=GP,0.2,0.8494623655913979,0.9614258865575993
Activities=no,"Failures=0, HigherEducation=yes",0.36455696202531646,0.7422680412371134,0.9612979550447862
"FamilySize=GT3, Romantic=no",SchoolSupport=no,0.40253164556962023,0.8368421052631578,0.9609088127294981
"Internet=yes, StudyTime=<2 hrs",School=GP,0.1848101265822785,0.8488372093023256,0.9607183314453256
"G1Level=Low, Result=Fail",SchoolSupport=no,0.22025316455696203,0.8365384615384616,0.9605601520572451
AgeGroup=17-18,"HigherEducation=yes, Internet=yes",0.3468354430379747,0.7611111111111112,0.9605076322328719
Result=Fail,Internet=yes,0.26329113924050634,0.8000000000000002,0.9604863221884501
"Absences=Low, SchoolSupport=no",Internet=yes,0.3240506329113924,0.8,0.9604863221884499
"FamilySize=GT3, Romantic=no",Internet=yes,0.3848101265822785,0.7999999999999999,0.9604863221884498
"Activities=no, AgeGroup=17-18",Internet=yes,0.19240506329113924,0.7999999999999999,0.9604863221884498
G1Level=Low,Address=U,0.2683544303797468,0.7464788732394366,0.9604532733862458
FamilySupport=no,"Address=U, HigherEducation=yes",0.2759493670886076,0.7124183006535948,0.960427401905017
"FamilySize=GT3, FamilySupport=no",School=GP,0.21265822784810126,0.8484848484848485,0.9603195276547711
StudyTime=<2 hrs,"Address=U, School=GP",0.1848101265822785,0.6952380952380953,0.9602064602064604
Result=Fail,Address=U,0.24556962025316456,0.7461538461538462,0.960035078927587
"G2Level=Low, Result=Fail",SchoolSupport=no,0.2582278481012658,0.8360655737704918,0.9600171559283264
StudyTime=<2 hrs,School=GP,0.22531645569620254,0.8476190476190477,0.9593396097694092
"Address=U, G1Level=Medium",FamilySize=GT3,0.25569620253164554,0.6824324324324323,0.9592911416754831
"Internet=yes, Sex=F",SchoolSupport=no,0.3594936708860759,0.8352941176470587,0.9591313269493843
"FamilySize=GT3, FamilySupport=yes",SchoolSupport=no,0.3848101265822785,0.8351648351648351,0.9589828775875286
"Address=U, Romantic=yes",Failures=0,0.19746835443037974,0.7572815533980582,0.9587378640776699
"G1Level=Low, HigherEducation=yes",Internet=yes,0.2607594936708861,0.7984496124031008,0.9586249145873094
"Romantic=no, School=GP",SchoolSupport=no,0.49873417721518987,0.8347457627118644,0.9585016752069373
"G1Level=Low, SchoolSupport=no",Internet=yes,0.23037974683544304,0.7982456140350878,0.9583799925345279
"G2Level=Low, Romantic=no",School=GP,0.1949367088607595,0.8461538461538461,0.9576812871941811
"FamilySize=GT3, G2Level=Low",HigherEducation=yes,0.25316455696202533,0.9090909090909092,0.9575757575757577
"G1Level=Low, HigherEducation=yes",Address=U,0.2430379746835443,0.7441860465116278,0.9575032194530715
Romantic=yes,"Failures=0, SchoolSupport=no",0.22025316455696203,0.6590909090909091,0.9571356951871657
G1Level=Low,HigherEducation=yes,0.3265822784810127,0.9084507042253522,0.9569014084507044
"School=GP, Sex=M",FamilySize=GT3,0.28607594936708863,0.6807228915662651,0.9568880504223299
"AgeGroup=<=16, Result=Pass",SchoolSupport=no,0.2911392405063291,0.8333333333333334,0.9568798449612403
"FamilySize=GT3, Result=Fail",SchoolSupport=no,0.20253164556962025,0.8333333333333334,0.9568798449612403
"FamilySize=GT3, Sex=F",SchoolSupport=no,0.3291139240506329,0.8333333333333333,0.9568798449612402
"Romantic=no, StudyTime=2-5 hrs",SchoolSupport=no,0.26582278481012656,0.8333333333333333,0.9568798449612402
"Absences=Medium, Address=U",SchoolSupport=no,0.22784810126582278,0.8333333333333333,0.9568798449612402
Activities=no,School=GP,0.4151898734177215,0.845360824742268,0.9567837414704752
"Romantic=yes, SchoolSupport=no",HigherEducation=yes,0.2759493670886076,0.9083333333333334,0.956777777777778
"G1Level=Medium, G2Level=Medium",FamilySize=GT3,0.2481012658227848,0.6805555555555556,0.9566528272044287
"Failures=0, Sex=M",FamilySize=GT3,0.2481012658227848,0.6805555555555556,0.9566528272044287
Absences=Medium,"Internet=yes, School=GP",0.26582278481012656,0.7191780821917807,0.9564826345648262
"G1Level=Low, G2Level=Low",Internet=yes,0.2379746835443038,0.7966101694915254,0.9564164648910412
Result=Fail,"Address=U, School=GP",0.22784810126582278,0.6923076923076923,0.9561592253899946
StudyTime=<2 hrs,Address=U,0.19746835443037974,0.7428571428571429,0.955793392275477
"Address=U, Result=Fail",HigherEducation=yes,0.22278481012658227,0.9072164948453608,0.9556013745704468
G1Level=Low,"Internet=yes, School=GP",0.2582278481012658,0.7183098591549296,0.9553279271589131
"Failures=0, Romantic=yes",School=GP,0.20506329113924052,0.8437500000000001,0.9549606017191978
"Activities=yes, G2Level=Medium",SchoolSupport=no,0.2,0.8315789473684211,0.9548653610771114
"Romantic=no, Sex=M",FamilySize=GT3,0.23037974683544304,0.6791044776119404,0.9546130557178522
"FamilySize=GT3, Result=Fail",HigherEducation=yes,0.22025316455696203,0.9062500000000001,0.9545833333333335
"HigherEducation=yes, Result=Fail",Internet=yes,0.23544303797468355,0.7948717948717948,0.9543293585846777
"Address=U, G2Level=Low",HigherEducation=yes,0.2430379746835443,0.9056603773584906,0.9539622641509434
"Address=U, G1Level=Low",HigherEducation=yes,0.2430379746835443,0.9056603773584906,0.9539622641509434
"SchoolSupport=no, StudyTime=2-5 hrs",FamilySize=GT3,0.28860759493670884,0.6785714285714286,0.9538637519064566
"Result=Fail, SchoolSupport=no",Internet=yes,0.21518987341772153,0.794392523364486,0.9537539414254467
"FamilySupport=no, Result=Pass",School=GP,0.23037974683544304,0.8425925925925926,0.9536506420460574
"FamilySupport=yes, School=GP",SchoolSupport=no,0.4708860759493671,0.8303571428571428,0.9534624169435215
"Absences=Medium, Result=Pass",Address=U,0.20253164556962025,0.7407407407407407,0.9530703341778259
FamilySize=LE3,"Failures=0, School=GP",0.1949367088607595,0.6754385964912282,0.9528508771929826
"Activities=yes, G1Level=Medium",SchoolSupport=no,0.19746835443037974,0.8297872340425532,0.9528080158337456
AgeGroup=17-18,FamilySize=GT3,0.30886075949367087,0.6777777777777777,0.9527481217872675
"Romantic=yes, SchoolSupport=no",School=GP,0.25569620253164554,0.8416666666666666,0.9526026743075452
"School=GP, StudyTime=2-5 hrs",SchoolSupport=no,0.369620253164557,0.8295454545454546,0.9525303911205075
Romantic=no,"Internet=yes, SchoolSupport=no",0.4607594936708861,0.6920152091254753,0.9524251136047482
G2Level=Low,HigherEducation=yes,0.3341772151898734,0.9041095890410958,0.9523287671232876
StudyTime=2-5 hrs,"Internet=yes, SchoolSupport=no",0.3468354430379747,0.6919191919191919,0.9522929644880864
"G1Level=Low, School=GP",HigherEducation=yes,0.28607594936708863,0.904,0.9522133333333334
"Absences=Medium, SchoolSupport=no",School=GP,0.2683544303797468,0.8412698412698413,0.9521535452767544
Romantic=yes,"Address=U, School=GP",0.23037974683544304,0.6893939393939394,0.9521349862258954
"HigherEducation=yes, Romantic=yes",Failures=0,0.23037974683544304,0.7520661157024793,0.9521349862258952
"Result=Fail, SchoolSupport=no",School=GP,0.22784810126582278,0.8411214953271028,0.9519856465736549
"Activities=yes, FamilySupport=yes",Address=U,0.23037974683544304,0.7398373983739838,0.9519080532824872
Absences=Medium,Address=U,0.27341772151898736,0.7397260273972602,0.9517647583775823
"G1Level=Low, Internet=yes",HigherEducation=yes,0.2607594936708861,0.9035087719298246,0.9516959064327486
G2Level=Low,SchoolSupport=no,0.30632911392405066,0.8287671232876712,0.951636667728576
FamilySupport=no,Failures=0,0.2911392405063291,0.7516339869281046,0.9515879001173119
"Absences=Medium, HigherEducation=yes",Address=U,0.26582278481012656,0.7394366197183099,0.9513923934486397
"Result=Fail, SchoolSupport=no",Address=U,0.2,0.7383177570093459,0.9499528143931323
"FamilySupport=no, Sex=M",School=GP,0.1848101265822785,0.839080459770115,0.9496755920034252
Sex=F,SchoolSupport=no,0.43544303797468353,0.8269230769230769,0.9495192307692307
"Internet=yes, Romantic=yes",Failures=0,0.22025316455696203,0.75,0.9495192307692307
"FamilySupport=no, SchoolSupport=no",Failures=0,0.26582278481012656,0.7499999999999999,0.9495192307692306
"Activities=no, HigherEducation=yes",School=GP,0.3822784810126582,0.8388888888888889,0.9494587710920089
"G1Level=Low, G2Level=Low",Address=U,0.22025316455696203,0.7372881355932204,0.9486280571964887
"Address=U, AgeGroup=17-18",FamilySize=GT3,0.21518987341772153,0.6746031746031746,0.9482856013105124
FamilySupport=no,"Failures=0, HigherEducation=yes",0.28354430379746837,0.7320261437908497,0.9480338583520841
"Activities=no, Result=Pass",FamilySize=GT3,0.22025316455696203,0.6744186046511628,0.9480261524455846
Result=Fail,HigherEducation=yes,0.29620253164556964,0.9000000000000001,0.9480000000000002
"Result=Pass, Sex=M",FamilySize=GT3,0.22531645569620254,0.6742424242424243,0.9477784967108811
"Activities=yes, StudyTime=2-5 hrs",SchoolSupport=no,0.21518987341772153,0.825242718446602,0.9475897493790925
"FamilySupport=yes, Romantic=no",SchoolSupport=no,0.3341772151898734,0.8250000000000001,0.947311046511628
"FamilySize=GT3, Sex=M",Address=U,0.23291139240506328,0.7359999999999999,0.9469706840390878
G1Level=Low,"HigherEducation=yes, School=GP",0.28607594936708863,0.7957746478873241,0.9467800780587139
"AgeGroup=17-18, Failures=0",FamilySize=GT3,0.25063291139240507,0.6734693877551021,0.9466918439973855
Activities=no,"Internet=yes, School=GP",0.3493670886075949,0.7113402061855669,0.9460585233781109
Absences=Medium,"Address=U, School=GP",0.25316455696202533,0.684931506849315,0.9459718363827953
"HigherEducation=yes, Sex=F",SchoolSupport=no,0.4253164556962025,0.823529411764706,0.9456224350205199
"Sex=F, StudyTime=2-5 hrs",FamilySize=GT3,0.19240506329113924,0.6725663716814159,0.9454224797656913
"AgeGroup=17-18, SchoolSupport=no",FamilySize=GT3,0.2911392405063291,0.672514619883041,0.9453497325758049
"HigherEducation=yes, Sex=M",FamilySize=GT3,0.2911392405063291,0.672514619883041,0.9453497325758049
Activities=no,"Failures=0, School=GP",0.3291139240506329,0.6701030927835051,0.9453240058910162
"Address=U, Sex=F",SchoolSupport=no,0.34177215189873417,0.823170731707317,0.9452105785592739
"Absences=Low, Sex=F",School=GP,0.20506329113924052,0.8350515463917526,0.9451156470622988
Result=Fail,SchoolSupport=no,0.2708860759493671,0.8230769230769232,0.9451028622540252
"AgeGroup=17-18, Romantic=no",Internet=yes,0.21518987341772153,0.787037037037037,0.9449228864122481
"Failures=0, FamilySupport=no",School=GP,0.2430379746835443,0.8347826086956521,0.944811261990781
"G2Level=Low, Result=Fail",Internet=yes,0.2430379746835443,0.7868852459016393,0.9447406447755244
"G2Level=Low, SchoolSupport=no",School=GP,0.25569620253164554,0.8347107438016528,0.9447299249331027
"G2Level=Low, School=GP",HigherEducation=yes,0.28607594936708863,0.896825396825397,0.9446560846560849
"FamilySupport=no, School=GP",FamilySize=GT3,0.21265822784810126,0.6719999999999999,0.9446263345195728
Sex=M,"Address=U, HigherEducation=yes",0.33164556962025316,0.7005347593582887,0.9444069281451333
"Activities=no, Romantic=no",Internet=yes,0.2607594936708861,0.7862595419847328,0.9439894197081139
"FamilySupport=no, SchoolSupport=no",Internet=yes,0.27848101265822783,0.7857142857142857,0.9433347807207989
Activities=no,"HigherEducation=yes, Internet=yes",0.3670886075949367,0.7474226804123711,0.9432330950890946
"Activities=yes, FamilySupport=yes",SchoolSupport=no,0.25569620253164554,0.8211382113821137,0.9428767252788807
"G1Level=Low, SchoolSupport=no",HigherEducation=yes,0.2582278481012658,0.8947368421052632,0.9424561403508772
"G2Level=Low, Internet=yes",HigherEducation=yes,0.2582278481012658,0.8947368421052632,0.9424561403508772
"Internet=yes, Result=Fail",HigherEducation=yes,0.23544303797468355,0.8942307692307692,0.9419230769230769
FamilySupport=no,Internet=yes,0.3037974683544304,0.7843137254901961,0.9416532570474998
"Absences=Medium, Romantic=no",Internet=yes,0.20253164556962025,0.7843137254901961,0.9416532570474998
"Result=Fail, School=GP",HigherEducation=yes,0.25569620253164554,0.8938053097345131,0.9414749262536872
"FamilySize=LE3, SchoolSupport=no",School=GP,0.21265822784810126,0.8316831683168318,0.9413032993843797
"Failures=0, FamilySupport=no",FamilySize=GT3,0.1949367088607595,0.6695652173913044,0.941203775336531
"SchoolSupport=no, StudyTime=<2 hrs",School=GP,0.2,0.8315789473684211,0.9411853415774393
"G2Level=Low, Result=Fail",HigherEducation=yes,0.2759493670886076,0.8934426229508198,0.9410928961748636
"AgeGroup=17-18, Internet=yes",FamilySize=GT3,0.25063291139240507,0.668918918918919,0.9402952774838896
"G2Level=Low, SchoolSupport=no",HigherEducation=yes,0.27341772151898736,0.8925619834710744,0.9401652892561985
"Romantic=no, Sex=F",Internet=yes,0.25569620253164554,0.7829457364341084,0.9400108385759052
Sex=M,FamilySize=GT3,0.31645569620253167,0.6684491978609626,0.9396349934344491
Sex=F,"Internet=yes, SchoolSupport=no",0.3594936708860759,0.6826923076923076,0.939593942642723
"G2Level=Low, HigherEducation=yes",SchoolSupport=no,0.27341772151898736,0.8181818181818182,0.9394820295983087
"FamilySize=GT3, G2Level=Low",SchoolSupport=no,0.22784810126582278,0.8181818181818182,0.9394820295983087
"Activities=no, G1Level=Medium",School=GP,0.19746835443037974,0.8297872340425532,0.9391574711942936
FamilySupport=no,"Address=U, School=GP",0.26329113924050634,0.6797385620915033,0.9387997623291742
"FamilySize=GT3, G2Level=Low",Internet=yes,0.21772151898734177,0.7818181818181819,0.9386570875932578
"G2Level=Low, Result=Fail",Address=U,0.22531645569620254,0.7295081967213115,0.9386180381267688
"Internet=yes, Result=Fail",SchoolSupport=no,0.21518987341772153,0.8173076923076923,0.9384783094812165
"FamilySupport=yes, Sex=F",SchoolSupport=no,0.2936708860759494,0.8169014084507044,0.9380117916803146
"Absences=Low, StudyTime=2-5 hrs",Internet=yes,0.189873417721519,0.7812500000000001,0.9379749240121582
G2Level=Low,Internet=yes,0.28860759493670884,0.7808219178082191,0.9374609651496856
Romantic=yes,"HigherEducation=yes, School=GP",0.26329113924050634,0.787878787878788,0.9373859072654254
"G1Level=Low, G2Level=Low",HigherEducation=yes,0.26582278481012656,0.8898305084745762,0.9372881355932203
"Internet=yes, Sex=M",FamilySize=GT3,0.2683544303797468,0.6666666666666666,0.9371293001186239
Sex=F,"School=GP, SchoolSupport=no",0.3721518987341772,0.7067307692307692,0.9367740061951471
"G1Level=Low, SchoolSupport=no",Address=U,0.21012658227848102,0.7280701754385965,0.9367678153037317
"G2Level=Low, Internet=yes",SchoolSupport=no,0.23544303797468355,0.8157894736842106,0.9367350061199512
"FamilySupport=no, HigherEducation=yes",Internet=yes,0.27848101265822783,0.7801418439716311,0.9366444631270343
G2Level=Low,"Address=U, School=GP",0.25063291139240507,0.6780821917808219,0.9365121180189673
"Activities=yes, FamilySize=GT3",Address=U,0.26329113924050634,0.7272727272727273,0.9357417826473201
"G2Level=Low, HigherEducation=yes",Address=U,0.2430379746835443,0.7272727272727272,0.93574178264732
"Address=U, Result=Fail",SchoolSupport=no,0.2,0.8144329896907216,0.9351774154878926
"School=GP, StudyTime=<2 hrs",HigherEducation=yes,0.2,0.8876404494382023,0.9349812734082398
"School=GP, StudyTime=2-5 hrs",FamilySize=GT3,0.29620253164556964,0.6647727272727273,0.9344670009705597
"Activities=no, SchoolSupport=no",School=GP,0.3594936708860759,0.8255813953488371,0.9343972812687411
"Failures=0, StudyTime=2-5 hrs",FamilySize=GT3,0.26582278481012656,0.6645569620253163,0.9341637010676155
G2Level=Low,Address=U,0.2683544303797468,0.7260273972602739,0.9341394850742937
"FamilySize=GT3, FamilySupport=no",Internet=yes,0.1949367088607595,0.7777777777777778,0.933806146572104
"G2Level=Medium, Sex=F",SchoolSupport=no,0.19746835443037974,0.8125,0.9329578488372093
StudyTime=<2 hrs,HigherEducation=yes,0.23544303797468355,0.8857142857142858,0.9329523809523811
AgeGroup=<=16,"Internet=yes, SchoolSupport=no",0.3189873417721519,0.6774193548387096,0.9323367427222659
"G1Level=Low, Result=Fail",HigherEducation=yes,0.23291139240506328,0.8846153846153846,0.9317948717948719
"Address=U, G2Level=Low",SchoolSupport=no,0.21772151898734177,0.8113207547169812,0.9316037735849058
"SchoolSupport=no, StudyTime=<2 hrs",HigherEducation=yes,0.21265822784810126,0.8842105263157894,0.9313684210526316
"AgeGroup=<=16, G1Level=Medium",SchoolSupport=no,0.1848101265822785,0.8111111111111112,0.9313630490956074
"Absences=Low, Sex=M",HigherEducation=yes,0.19240506329113924,0.8837209302325582,0.9308527131782947
StudyTime=2-5 hrs,FamilySize=GT3,0.33164556962025316,0.6616161616161615,0.9300298357237858
G2Level=Low,"Internet=yes, School=GP",0.2582278481012658,0.6986301369863013,0.9291545592915454
"G1Level=Low, Romantic=no",Internet=yes,0.189873417721519,0.7731958762886598,0.9283050794347132
AgeGroup=<=16,"HigherEducation=yes, SchoolSupport=no",0.3594936708860759,0.7634408602150536,0.9278742762613729
"FamilySize=GT3, G1Level=Low",Address=U,0.189873417721519,0.7211538461538461,0.9278689551490854
"G2Level=Low, HigherEducation=yes",Internet=yes,0.2582278481012658,0.7727272727272727,0.9277424702956618
"AgeGroup=17-18, Sex=F",Internet=yes,0.19746835443037974,0.7722772277227723,0.9272021427066719
Activities=no,"HigherEducation=yes, School=GP",0.3822784810126582,0.7783505154639174,0.9260495590609861
"Address=U, AgeGroup=<=16",SchoolSupport=no,0.3265822784810127,0.80625,0.92578125
"Internet=yes, StudyTime=2-5 hrs",FamilySize=GT3,0.2683544303797468,0.6583850931677018,0.9254879423531751
"Result=Fail, SchoolSupport=no",HigherEducation=yes,0.2379746835443038,0.8785046728971962,0.9253582554517135
"AgeGroup=17-18, Internet=yes",School=GP,0.30632911392405066,0.8175675675675677,0.9253271896538373
"Absences=Low, Activities=no",School=GP,0.19240506329113924,0.8172043010752688,0.9249160427642726
"Activities=no, Sex=M",HigherEducation=yes,0.18227848101265823,0.8780487804878049,0.9248780487804878
"HigherEducation=yes, StudyTime=2-5 hrs",FamilySize=GT3,0.31645569620253167,0.6578947368421053,0.9247986514328527
FamilySupport=no,School=GP,0.31645569620253167,0.8169934640522876,0.9246774163342509
StudyTime=<2 hrs,"Internet=yes, School=GP",0.1848101265822785,0.6952380952380953,0.9246432579765914
Result=Fail,"HigherEducation=yes, School=GP",0.25569620253164554,0.7769230769230769,0.92435125115848
"SchoolSupport=no, Sex=M",FamilySize=GT3,0.28607594936708863,0.6569767441860466,0.923508234709923
"FamilySupport=no, HigherEducation=yes",School=GP,0.2911392405063291,0.8156028368794326,0.9231034973277245
"FamilySupport=no, Romantic=no",School=GP,0.21265822784810126,0.8155339805825242,0.9230255654157509
"G2Level=Low, SchoolSupport=no",Internet=yes,0.23544303797468355,0.768595041322314,0.9227812806149364
"Activities=no, StudyTime=2-5 hrs",Internet=yes,0.1848101265822785,0.768421052631579,0.9225723884178532
"HigherEducation=yes, Result=Fail",SchoolSupport=no,0.2379746835443038,0.8034188034188033,0.9225303120651958
"Result=Pass, StudyTime=2-5 hrs",FamilySize=GT3,0.21265822784810126,0.65625,0.9224866548042704
"School=GP, Sex=F",SchoolSupport=no,0.3721518987341772,0.8032786885245901,0.9223694243232938
"AgeGroup=17-18, Romantic=no",School=GP,0.22278481012658227,0.8148148148148148,0.9222116098906928
G1Level=Low,SchoolSupport=no,0.28860759493670884,0.8028169014084507,0.9218391745823781
"G2Level=Low, Romantic=no",SchoolSupport=no,0.1848101265822785,0.8021978021978022,0.9211282903143369
"FamilySupport=no, Romantic=no",Internet=yes,0.2,0.7669902912621359,0.9208546050107711
G2Level=Low,"HigherEducation=yes, School=GP",0.28607594936708863,0.773972602739726,0.920840897837927
Romantic=yes,Failures=0,0.2430379746835443,0.7272727272727272,0.9207459207459207
"G2Level=Low, School=GP",SchoolSupport=no,0.25569620253164554,0.8015873015873015,0.9204272794389072
"FamilySupport=no, Sex=M",HigherEducation=yes,0.19240506329113924,0.8735632183908045,0.9201532567049808
"Absences=Medium, SchoolSupport=no",Address=U,0.22784810126582278,0.7142857142857143,0.9190321079571894
"Internet=yes, StudyTime=<2 hrs",HigherEducation=yes,0.189873417721519,0.8720930232558141,0.9186046511627909
"AgeGroup=17-18, FamilySize=GT3",School=GP,0.25063291139240507,0.8114754098360656,0.9184320541124524
"Romantic=yes, SchoolSupport=no",Failures=0,0.22025316455696203,0.725,0.9178685897435898
Result=Fail,"School=GP, SchoolSupport=no",0.22784810126582278,0.6923076923076923,0.9176561693340216
"AgeGroup=17-18, Sex=F",Address=U,0.18227848101265823,0.712871287128713,0.9172122423968782
"FamilySupport=no, HigherEducation=yes",FamilySize=GT3,0.23291139240506328,0.652482269503546,0.9171903788395042
G2Level=Low,"School=GP, SchoolSupport=no",0.25569620253164554,0.6917808219178081,0.9169578008642086
"AgeGroup=17-18, HigherEducation=yes",Address=U,0.3012658227848101,0.7125748502994013,0.9168308334471124
"G1Level=Low, Internet=yes",SchoolSupport=no,0.23037974683544304,0.7982456140350878,0.9165901672786618
"FamilySize=GT3, G1Level=Low",SchoolSupport=no,0.21012658227848102,0.798076923076923,0.9163964669051878
"AgeGroup=17-18, FamilySupport=yes",Address=U,0.18734177215189873,0.7115384615384615,0.9154973690804308
"Absences=Medium, FamilySize=GT3",Address=U,0.18734177215189873,0.7115384615384615,0.9154973690804308
G1Level=Low,"HigherEducation=yes, Internet=yes",0.2607594936708861,0.7253521126760564,0.9153804616838411
"Sex=F, StudyTime=2-5 hrs",SchoolSupport=no,0.22784810126582278,0.7964601769911503,0.9145400288125127
"Result=Fail, School=GP",SchoolSupport=no,0.22784810126582278,0.7964601769911503,0.9145400288125127
"G2Level=Low, SchoolSupport=no",Address=U,0.21772151898734177,0.7107438016528925,0.91447492395079
"FamilySupport=no, SchoolSupport=no",FamilySize=GT3,0.23037974683544304,0.65,0.9137010676156584
Result=Fail,"Address=U, HigherEducation=yes",0.22278481012658227,0.676923076923077,0.9125754791283802
G1Level=Low,"Address=U, HigherEducation=yes",0.2430379746835443,0.676056338028169,0.9114070086045283
"AgeGroup=17-18, Failures=0",Address=U,0.26329113924050634,0.707482993197279,0.91027942121474
"AgeGroup=<=16, Failures=0",SchoolSupport=no,0.3189873417721519,0.7924528301886792,0.9099385695480473
"Activities=yes, Sex=F",SchoolSupport=no,0.19240506329113924,0.7916666666666667,0.9090358527131784
"Failures=0, G2Level=Low",SchoolSupport=no,0.18227848101265823,0.7912087912087912,0.9085100945566061
"G1Level=Low, HigherEducation=yes",SchoolSupport=no,0.2582278481012658,0.7906976744186046,0.9079232017306652
"Romantic=yes, School=GP",Failures=0,0.20506329113924052,0.7168141592920354,0.9075051055139551
FamilySupport=no,"HigherEducation=yes, Internet=yes",0.27848101265822783,0.718954248366013,0.9073064795673327
"Absences=Low, AgeGroup=<=16",SchoolSupport=no,0.2,0.79,0.9071220930232559
G1Level=Low,"School=GP, SchoolSupport=no",0.24556962025316456,0.6830985915492959,0.9054494753757445
"FamilySupport=no, SchoolSupport=no",School=GP,0.28354430379746837,0.8,0.9054441260744985
Result=Fail,"HigherEducation=yes, Internet=yes",0.23544303797468355,0.7153846153846154,0.9028016711722782
StudyTime=<2 hrs,"HigherEducation=yes, Internet=yes",0.189873417721519,0.7142857142857144,0.901414879050662
"AgeGroup=17-18, HigherEducation=yes",School=GP,0.3367088607594937,0.7964071856287426,0.9013777602388346
AgeGroup=17-18,Address=U,0.3189873417721519,0.7,0.9006514657980456
Result=Fail,"Internet=yes, SchoolSupport=no",0.21518987341772153,0.653846153846154,0.8998927901366928
AgeGroup=17-18,School=GP,0.3620253164556962,0.7944444444444444,0.8991563196434256
"Address=U, G1Level=Low",SchoolSupport=no,0.21012658227848102,0.7830188679245284,0.8991059675296184
G2Level=Low,"HigherEducation=yes, SchoolSupport=no",0.27341772151898736,0.7397260273972602,0.8990516332982086
"Romantic=no, Sex=F",SchoolSupport=no,0.25569620253164554,0.7829457364341084,0.8990219938705605
"AgeGroup=<=16, Internet=yes",SchoolSupport=no,0.3189873417721519,0.7826086956521738,0.8986349848331647
"AgeGroup=17-18, StudyTime=2-5 hrs",School=GP,0.1848101265822785,0.7934782608695653,0.8980627880901957
"Activities=yes, AgeGroup=<=16",SchoolSupport=no,0.20759493670886076,0.7809523809523811,0.8967331118493911
"AgeGroup=17-18, FamilySize=GT3",Address=U,0.21518987341772153,0.6967213114754099,0.8964329577615209
FamilySupport=no,"Internet=yes, School=GP",0.2607594936708861,0.6732026143790849,0.89533681036949
StudyTime=<2 hrs,"HigherEducation=yes, School=GP",0.2,0.7523809523809525,0.8951520367183019
AgeGroup=<=16,SchoolSupport=no,0.3670886075949367,0.7795698924731183,0.8951456614153538
"AgeGroup=<=16, School=GP",SchoolSupport=no,0.3670886075949367,0.7795698924731183,0.8951456614153538
FamilySupport=no,"HigherEducation=yes, School=GP",0.2911392405063291,0.7516339869281046,0.8942633278210882
AgeGroup=17-18,"Internet=yes, School=GP",0.30632911392405066,0.6722222222222223,0.8940329218106996
"AgeGroup=17-18, Failures=0",School=GP,0.2936708860759494,0.7891156462585035,0.8931251583728048
Romantic=yes,"Failures=0, HigherEducation=yes",0.23037974683544304,0.6893939393939394,0.8928216592151019
StudyTime=<2 hrs,Failures=0,0.18734177215189873,0.7047619047619048,0.8922466422466423
AgeGroup=17-18,"Address=U, HigherEducation=yes",0.3012658227848101,0.6611111111111111,0.8912590064467197
"G1Level=Low, School=GP",SchoolSupport=no,0.24556962025316456,0.7759999999999999,0.8910465116279069
"AgeGroup=<=16, HigherEducation=yes",SchoolSupport=no,0.3594936708860759,0.7759562841530053,0.8909963146524335
"FamilySize=GT3, G2Level=Low",Address=U,0.19240506329113924,0.6909090909090909,0.888954693514954
"AgeGroup=<=16, FamilySize=GT3",SchoolSupport=no,0.2683544303797468,0.7737226277372262,0.8884315056866406
"AgeGroup=17-18, SchoolSupport=no",School=GP,0.3392405063291139,0.783625730994152,0.8869116439618625
G2Level=Low,"Address=U, HigherEducation=yes",0.2430379746835443,0.6575342465753424,0.8864369535742671
"AgeGroup=17-18, Sex=F",School=GP,0.2,0.7821782178217823,0.8852733410876905
G2Level=Low,"HigherEducation=yes, Internet=yes",0.2582278481012658,0.6986301369863013,0.8816578406057156
"AgeGroup=17-18, SchoolSupport=no",Address=U,0.29620253164556964,0.6842105263157896,0.8803360192010974
"AgeGroup=17-18, Result=Pass",Address=U,0.19746835443037974,0.6842105263157895,0.8803360192010972
AgeGroup=17-18,"HigherEducation=yes, School=GP",0.3367088607594937,0.7388888888888889,0.8790997322623829
Result=Fail,"HigherEducation=yes, SchoolSupport=no",0.2379746835443038,0.7230769230769231,0.8788165680473372
"G1Level=Low, Romantic=no",SchoolSupport=no,0.18734177215189873,0.7628865979381443,0.8759889714696715
G1Level=Low,"HigherEducation=yes, SchoolSupport=no",0.2582278481012658,0.7183098591549296,0.8730227518959913
"AgeGroup=<=16, FamilySupport=yes",SchoolSupport=no,0.2379746835443038,0.7580645161290323,0.8704519879969993
"AgeGroup=<=16, Romantic=no",SchoolSupport=no,0.26582278481012656,0.7553956834532374,0.8673874853605488
"Activities=no, AgeGroup=17-18",School=GP,0.18227848101265823,0.7578947368421053,0.8577891720705776
"AgeGroup=17-18, Result=Pass",School=GP,0.21772151898734177,0.7543859649122807,0.8538179259035842
"G2Level=Low, HigherEducation=yes",Failures=0,0.22278481012658227,0.6666666666666666,0.844017094017094
"G1Level=Low, HigherEducation=yes",Failures=0,0.21772151898734177,0.6666666666666666,0.844017094017094
"G2Level=Low, School=GP",Failures=0,0.20759493670886076,0.6507936507936508,0.8239214489214489
